Workbook

Sheet Home
A1: Qtd Atnd p/dia | C1: Dia | D1: Mês | E1: Ano | F1: Mês em texto | G1: Data Fixa | H1: Hora Fixa | I1: Link do Atendimento | J1: Problema do Cliente | K1: Observação | L1: U1 | N1: Contact Type | O1: Link KB | P1: Etapa | Q1: Informação Extra | R1: Obs Usuário | S1: Obs Motorista | T1: Resp p/Cliente | V1: Status Tkt | W1: Somente Link | X1: Sigla | Z1: SC | AA1: CR | AB1: XX | AC1: PS | AE1: Hora
G2: xx | H2: xx | I2: xx | J2: xx | K2: xx
A3: =IF(G3="","",IF(G3=G2,"",COUNTIF($G$3:$G$976,G3))) | C3: =IF(G3="","",DAY(G3)) | D3: =IF(G3="","",MONTH(G3)) | E3: =IF(G3="","",YEAR(G3)) | F3: =IF(G3="","",CHOOSE(MONTH(G3),"Janeiro","Fevereiro","Março","Abril","Maio","Junho","Julho","Agosto","Setembro","Outubro","Novembro","Dezembro")) | G3: 46054 | H3: 0.002974537 | I3: https://docs.google.com/spreadsheets/d/1ZiCGoPjLCjuYvujDTXK9Ixbth3tekiLtFBzBrGjPCr4/edit?gid=0#gid=0 | J3: Taxa de Limpeza - [TXL] | L3: FALSE | N3: =IF($J3="","",IFERROR(INDEX(B!$F$2:$F$61,MATCH($J3,B!$E$2:$E$61,0))&"","")) | O3: =IF($J3="","",IFERROR(INDEX(B!$G$2:$G$61,MATCH($J3,B!$E$2:$E$61,0))&"","")) | P3: =IF($J3="","",IFERROR(INDEX(B!$H$2:$H$61,MATCH($J3,B!$E$2:$E$61,0))&"","")) | Q3: =IF($J3="","",IFERROR(INDEX(B!$I$2:$I$61,MATCH($J3,B!$E$2:$E$61,0))&"","")) | R3: =IF($J3="","",IFERROR(INDEX(B!$J$2:$J$61,MATCH($J3,B!$E$2:$E$61,0))&"","")) | S3: =IF($J3="","",IFERROR(INDEX(B!$K$2:$K$61,MATCH($J3,B!$E$2:$E$61,0))&"","")) | T3: =IF($J3="","",IFERROR(INDEX(B!$L$2:$L$61,MATCH($J3,B!$E$2:$E$61,0))&"","")) | V3: =IF($J3="","",IFERROR(INDEX(B!$M$2:$M$61,MATCH($J3,B!$E$2:$E$61,0))&"","")) | W3: =IF(I3="","",IFERROR(MID(I3,FIND("/d/",I3)+3,FIND("/edit",I3)-FIND("/d/",I3)-3),I3)) | X3: =IF($J3="","",IFERROR(INDEX(B!$C$2:$C$61,MATCH($J3,B!$E$2:$E$61,0))&"","")) | Z3: =IF($J3="",FALSE,ISNUMBER(SEARCH("scout",$K3))) | AA3: =IF($J3="",FALSE,IFERROR(INDEX(B!$N$2:$N$61,MATCH($J3,B!$E$2:$E$61,0))="Sim",FALSE)) | AB3: =IF($J3="",FALSE,LEFT($X3,2)="XX") | AC3: =IF($J3="",FALSE,IFERROR(INDEX(B!$P$2:$P$61,MATCH($J3,B!$E$2:$E$61,0))="Sim",FALSE)) | AE3: =IF(H3="","",HOUR(H3))
A4: =IF(G4="","",IF(G4=G3,"",COUNTIF($G$3:$G$976,G4))) | C4: =IF(G4="","",DAY(G4)) | D4: =IF(G4="","",MONTH(G4)) | E4: =IF(G4="","",YEAR(G4)) | F4: =IF(G4="","",CHOOSE(MONTH(G4),"Janeiro","Fevereiro","Março","Abril","Maio","Junho","Julho","Agosto","Setembro","Outubro","Novembro","Dezembro")) | G4: 46054 | H4: 0.010428241 | I4: https://docs.google.com/spreadsheets/d/1ZiCGoPjLCjuYvujDTXK9Ixbth3tekiLtFBzBrGjPCr4/edit?gid=0#gid=0 | J4: Taxa de Limpeza - [TXL] | L4: FALSE | N4: =IF($J4="","",IFERROR(INDEX(B!$F$2:$F$61,MATCH($J4,B!$E$2:$E$61,0))&"","")) | O4: =IF($J4="","",IFERROR(INDEX(B!$G$2:$G$61,MATCH($J4,B!$E$2:$E$61,0))&"","")) | P4: =IF($J4="","",IFERROR(INDEX(B!$H$2:$H$61,MATCH($J4,B!$E$2:$E$61,0))&"","")) | Q4: =IF($J4="","",IFERROR(INDEX(B!$I$2:$I$61,MATCH($J4,B!$E$2:$E$61,0))&"","")) | R4: =IF($J4="","",IFERROR(INDEX(B!$J$2:$J$61,MATCH($J4,B!$E$2:$E$61,0))&"","")) | S4: =IF($J4="","",IFERROR(INDEX(B!$K$2:$K$61,MATCH($J4,B!$E$2:$E$61,0))&"","")) | T4: =IF($J4="","",IFERROR(INDEX(B!$L$2:$L$61,MATCH($J4,B!$E$2:$E$61,0))&"","")) | V4: =IF($J4="","",IFERROR(INDEX(B!$M$2:$M$61,MATCH($J4,B!$E$2:$E$61,0))&"","")) | W4: =IF(I4="","",IFERROR(MID(I4,FIND("/d/",I4)+3,FIND("/edit",I4)-FIND("/d/",I4)-3),I4)) | X4: =IF($J4="","",IFERROR(INDEX(B!$C$2:$C$61,MATCH($J4,B!$E$2:$E$61,0))&"","")) | Z4: =IF($J4="",FALSE,ISNUMBER(SEARCH("scout",$K4))) | AA4: =IF($J4="",FALSE,IFERROR(INDEX(B!$N$2:$N$61,MATCH($J4,B!$E$2:$E$61,0))="Sim",FALSE)) | AB4: =IF($J4="",FALSE,LEFT($X4,2)="XX") | AC4: =IF($J4="",FALSE,IFERROR(INDEX(B!$P$2:$P$61,MATCH($J4,B!$E$2:$E$61,0))="Sim",FALSE)) | AE4: =IF(H4="","",HOUR(H4))
A5: =IF(G5="","",IF(G5=G4,"",COUNTIF($G$3:$G$976,G5))) | C5: =IF(G5="","",DAY(G5)) | D5: =IF(G5="","",MONTH(G5)) | E5: =IF(G5="","",YEAR(G5)) | F5: =IF(G5="","",CHOOSE(MONTH(G5),"Janeiro","Fevereiro","Março","Abril","Maio","Junho","Julho","Agosto","Setembro","Outubro","Novembro","Dezembro")) | G5: 46054 | H5: 0.012893519 | I5: https://docs.google.com/spreadsheets/d/1ZiCGoPjLCjuYvujDTXK9Ixbth3tekiLtFBzBrGjPCr4/edit?gid=0#gid=0 | J5: Taxa de Cancelamento Cobrada Corretamente - [TXCO] | L5: FALSE | N5: =IF($J5="","",IFERROR(INDEX(B!$F$2:$F$61,MATCH($J5,B!$E$2:$E$61,0))&"","")) | O5: =IF($J5="","",IFERROR(INDEX(B!$G$2:$G$61,MATCH($J5,B!$E$2:$E$61,0))&"","")) | P5: =IF($J5="","",IFERROR(INDEX(B!$H$2:$H$61,MATCH($J5,B!$E$2:$E$61,0))&"","")) | Q5: =IF($J5="","",IFERROR(INDEX(B!$I$2:$I$61,MATCH($J5,B!$E$2:$E$61,0))&"","")) | R5: =IF($J5="","",IFERROR(INDEX(B!$J$2:$J$61,MATCH($J5,B!$E$2:$E$61,0))&"","")) | S5: =IF($J5="","",IFERROR(INDEX(B!$K$2:$K$61,MATCH($J5,B!$E$2:$E$61,0))&"","")) | T5: =IF($J5="","",IFERROR(INDEX(B!$L$2:$L$61,MATCH($J5,B!$E$2:$E$61,0))&"","")) | V5: =IF($J5="","",IFERROR(INDEX(B!$M$2:$M$61,MATCH($J5,B!$E$2:$E$61,0))&"","")) | W5: =IF(I5="","",IFERROR(MID(I5,FIND("/d/",I5)+3,FIND("/edit",I5)-FIND("/d/",I5)-3),I5)) | X5: =IF($J5="","",IFERROR(INDEX(B!$C$2:$C$61,MATCH($J5,B!$E$2:$E$61,0))&"","")) | Z5: =IF($J5="",FALSE,ISNUMBER(SEARCH("scout",$K5))) | AA5: =IF($J5="",FALSE,IFERROR(INDEX(B!$N$2:$N$61,MATCH($J5,B!$E$2:$E$61,0))="Sim",FALSE)) | AB5: =IF($J5="",FALSE,LEFT($X5,2)="XX") | AC5: =IF($J5="",FALSE,IFERROR(INDEX(B!$P$2:$P$61,MATCH($J5,B!$E$2:$E$61,0))="Sim",FALSE)) | AE5: =IF(H5="","",HOUR(H5))
A6: =IF(G6="","",IF(G6=G5,"",COUNTIF($G$3:$G$976,G6))) | C6: =IF(G6="","",DAY(G6)) | D6: =IF(G6="","",MONTH(G6)) | E6: =IF(G6="","",YEAR(G6)) | F6: =IF(G6="","",CHOOSE(MONTH(G6),"Janeiro","Fevereiro","Março","Abril","Maio","Junho","Julho","Agosto","Setembro","Outubro","Novembro","Dezembro")) | G6: 46054 | H6: 0.013240741 | I6: https://docs.google.com/spreadsheets/d/1ZiCGoPjLCjuYvujDTXK9Ixbth3tekiLtFBzBrGjPCr4/edit?gid=0#gid=0 | J6: Taxa de Limpeza, Reembolsado ao cliente - [TXLR] | L6: FALSE | N6: =IF($J6="","",IFERROR(INDEX(B!$F$2:$F$61,MATCH($J6,B!$E$2:$E$61,0))&"","")) | O6: =IF($J6="","",IFERROR(INDEX(B!$G$2:$G$61,MATCH($J6,B!$E$2:$E$61,0))&"","")) | P6: =IF($J6="","",IFERROR(INDEX(B!$H$2:$H$61,MATCH($J6,B!$E$2:$E$61,0))&"","")) | Q6: =IF($J6="","",IFERROR(INDEX(B!$I$2:$I$61,MATCH($J6,B!$E$2:$E$61,0))&"","")) | R6: =IF($J6="","",IFERROR(INDEX(B!$J$2:$J$61,MATCH($J6,B!$E$2:$E$61,0))&"","")) | S6: =IF($J6="","",IFERROR(INDEX(B!$K$2:$K$61,MATCH($J6,B!$E$2:$E$61,0))&"","")) | T6: =IF($J6="","",IFERROR(INDEX(B!$L$2:$L$61,MATCH($J6,B!$E$2:$E$61,0))&"","")) | V6: =IF($J6="","",IFERROR(INDEX(B!$M$2:$M$61,MATCH($J6,B!$E$2:$E$61,0))&"","")) | W6: =IF(I6="","",IFERROR(MID(I6,FIND("/d/",I6)+3,FIND("/edit",I6)-FIND("/d/",I6)-3),I6)) | X6: =IF($J6="","",IFERROR(INDEX(B!$C$2:$C$61,MATCH($J6,B!$E$2:$E$61,0))&"","")) | Z6: =IF($J6="",FALSE,ISNUMBER(SEARCH("scout",$K6))) | AA6: =IF($J6="",FALSE,IFERROR(INDEX(B!$N$2:$N$61,MATCH($J6,B!$E$2:$E$61,0))="Sim",FALSE)) | AB6: =IF($J6="",FALSE,LEFT($X6,2)="XX") | AC6: =IF($J6="",FALSE,IFERROR(INDEX(B!$P$2:$P$61,MATCH($J6,B!$E$2:$E$61,0))="Sim",FALSE)) | AE6: =IF(H6="","",HOUR(H6))
A7: =IF(G7="","",IF(G7=G6,"",COUNTIF($G$3:$G$976,G7))) | C7: =IF(G7="","",DAY(G7)) | D7: =IF(G7="","",MONTH(G7)) | E7: =IF(G7="","",YEAR(G7)) | F7: =IF(G7="","",CHOOSE(MONTH(G7),"Janeiro","Fevereiro","Março","Abril","Maio","Junho","Julho","Agosto","Setembro","Outubro","Novembro","Dezembro")) | G7: 46054 | H7: 0.036215278 | I7: https://docs.google.com/spreadsheets/d/1ZiCGoPjLCjuYvujDTXK9Ixbth3tekiLtFBzBrGjPCr4/edit?gid=0#gid=0 | J7: Não houve Taxa de Cancelamento - [NTX] | L7: FALSE | N7: =IF($J7="","",IFERROR(INDEX(B!$F$2:$F$61,MATCH($J7,B!$E$2:$E$61,0))&"","")) | O7: =IF($J7="","",IFERROR(INDEX(B!$G$2:$G$61,MATCH($J7,B!$E$2:$E$61,0))&"","")) | P7: =IF($J7="","",IFERROR(INDEX(B!$H$2:$H$61,MATCH($J7,B!$E$2:$E$61,0))&"","")) | Q7: =IF($J7="","",IFERROR(INDEX(B!$I$2:$I$61,MATCH($J7,B!$E$2:$E$61,0))&"","")) | R7: =IF($J7="","",IFERROR(INDEX(B!$J$2:$J$61,MATCH($J7,B!$E$2:$E$61,0))&"","")) | S7: =IF($J7="","",IFERROR(INDEX(B!$K$2:$K$61,MATCH($J7,B!$E$2:$E$61,0))&"","")) | T7: =IF($J7="","",IFERROR(INDEX(B!$L$2:$L$61,MATCH($J7,B!$E$2:$E$61,0))&"","")) | V7: =IF($J7="","",IFERROR(INDEX(B!$M$2:$M$61,MATCH($J7,B!$E$2:$E$61,0))&"","")) | W7: =IF(I7="","",IFERROR(MID(I7,FIND("/d/",I7)+3,FIND("/edit",I7)-FIND("/d/",I7)-3),I7)) | X7: =IF($J7="","",IFERROR(INDEX(B!$C$2:$C$61,MATCH($J7,B!$E$2:$E$61,0))&"","")) | Z7: =IF($J7="",FALSE,ISNUMBER(SEARCH("scout",$K7))) | AA7: =IF($J7="",FALSE,IFERROR(INDEX(B!$N$2:$N$61,MATCH($J7,B!$E$2:$E$61,0))="Sim",FALSE)) | AB7: =IF($J7="",FALSE,LEFT($X7,2)="XX") | AC7: =IF($J7="",FALSE,IFERROR(INDEX(B!$P$2:$P$61,MATCH($J7,B!$E$2:$E$61,0))="Sim",FALSE)) | AE7: =IF(H7="","",HOUR(H7))
A8: =IF(G8="","",IF(G8=G7,"",COUNTIF($G$3:$G$976,G8))) | C8: =IF(G8="","",DAY(G8)) | D8: =IF(G8="","",MONTH(G8)) | E8: =IF(G8="","",YEAR(G8)) | F8: =IF(G8="","",CHOOSE(MONTH(G8),"Janeiro","Fevereiro","Março","Abril","Maio","Junho","Julho","Agosto","Setembro","Outubro","Novembro","Dezembro")) | G8: 46054 | H8: 0.039236111 | I8: https://docs.google.com/spreadsheets/d/1ZiCGoPjLCjuYvujDTXK9Ixbth3tekiLtFBzBrGjPCr4/edit?gid=0#gid=0 | J8: Overpaid, Excede o limite Com comprovante - [OPEC] | L8: FALSE | N8: =IF($J8="","",IFERROR(INDEX(B!$F$2:$F$61,MATCH($J8,B!$E$2:$E$61,0))&"","")) | O8: =IF($J8="","",IFERROR(INDEX(B!$G$2:$G$61,MATCH($J8,B!$E$2:$E$61,0))&"","")) | P8: =IF($J8="","",IFERROR(INDEX(B!$H$2:$H$61,MATCH($J8,B!$E$2:$E$61,0))&"","")) | Q8: =IF($J8="","",IFERROR(INDEX(B!$I$2:$I$61,MATCH($J8,B!$E$2:$E$61,0))&"","")) | R8: =IF($J8="","",IFERROR(INDEX(B!$J$2:$J$61,MATCH($J8,B!$E$2:$E$61,0))&"","")) | S8: =IF($J8="","",IFERROR(INDEX(B!$K$2:$K$61,MATCH($J8,B!$E$2:$E$61,0))&"","")) | T8: =IF($J8="","",IFERROR(INDEX(B!$L$2:$L$61,MATCH($J8,B!$E$2:$E$61,0))&"","")) | V8: =IF($J8="","",IFERROR(INDEX(B!$M$2:$M$61,MATCH($J8,B!$E$2:$E$61,0))&"","")) | W8: =IF(I8="","",IFERROR(MID(I8,FIND("/d/",I8)+3,FIND("/edit",I8)-FIND("/d/",I8)-3),I8)) | X8: =IF($J8="","",IFERROR(INDEX(B!$C$2:$C$61,MATCH($J8,B!$E$2:$E$61,0))&"","")) | Z8: =IF($J8="",FALSE,ISNUMBER(SEARCH("scout",$K8))) | AA8: =IF($J8="",FALSE,IFERROR(INDEX(B!$N$2:$N$61,MATCH($J8,B!$E$2:$E$61,0))="Sim",FALSE)) | AB8: =IF($J8="",FALSE,LEFT($X8,2)="XX") | AC8: =IF($J8="",FALSE,IFERROR(INDEX(B!$P$2:$P$61,MATCH($J8,B!$E$2:$E$61,0))="Sim",FALSE)) | AE8: =IF(H8="","",HOUR(H8))
A9: =IF(G9="","",IF(G9=G8,"",COUNTIF($G$3:$G$976,G9))) | C9: =IF(G9="","",DAY(G9)) | D9: =IF(G9="","",MONTH(G9)) | E9: =IF(G9="","",YEAR(G9)) | F9: =IF(G9="","",CHOOSE(MONTH(G9),"Janeiro","Fevereiro","Março","Abril","Maio","Junho","Julho","Agosto","Setembro","Outubro","Novembro","Dezembro")) | G9: 46054 | H9: 0.041435185 | I9: https://docs.google.com/spreadsheets/d/1ZiCGoPjLCjuYvujDTXK9Ixbth3tekiLtFBzBrGjPCr4/edit?gid=0#gid=0 | J9: Transferência de LOB (Geral não especificado) - [TI] | L9: FALSE | N9: =IF($J9="","",IFERROR(INDEX(B!$F$2:$F$61,MATCH($J9,B!$E$2:$E$61,0))&"","")) | O9: =IF($J9="","",IFERROR(INDEX(B!$G$2:$G$61,MATCH($J9,B!$E$2:$E$61,0))&"","")) | P9: =IF($J9="","",IFERROR(INDEX(B!$H$2:$H$61,MATCH($J9,B!$E$2:$E$61,0))&"","")) | Q9: =IF($J9="","",IFERROR(INDEX(B!$I$2:$I$61,MATCH($J9,B!$E$2:$E$61,0))&"","")) | R9: =IF($J9="","",IFERROR(INDEX(B!$J$2:$J$61,MATCH($J9,B!$E$2:$E$61,0))&"","")) | S9: =IF($J9="","",IFERROR(INDEX(B!$K$2:$K$61,MATCH($J9,B!$E$2:$E$61,0))&"","")) | T9: =IF($J9="","",IFERROR(INDEX(B!$L$2:$L$61,MATCH($J9,B!$E$2:$E$61,0))&"","")) | V9: =IF($J9="","",IFERROR(INDEX(B!$M$2:$M$61,MATCH($J9,B!$E$2:$E$61,0))&"","")) | W9: =IF(I9="","",IFERROR(MID(I9,FIND("/d/",I9)+3,FIND("/edit",I9)-FIND("/d/",I9)-3),I9)) | X9: =IF($J9="","",IFERROR(INDEX(B!$C$2:$C$61,MATCH($J9,B!$E$2:$E$61,0))&"","")) | Z9: =IF($J9="",FALSE,ISNUMBER(SEARCH("scout",$K9))) | AA9: =IF($J9="",FALSE,IFERROR(INDEX(B!$N$2:$N$61,MATCH($J9,B!$E$2:$E$61,0))="Sim",FALSE)) | AB9: =IF($J9="",FALSE,LEFT($X9,2)="XX") | AC9: =IF($J9="",FALSE,IFERROR(INDEX(B!$P$2:$P$61,MATCH($J9,B!$E$2:$E$61,0))="Sim",FALSE)) | AE9: =IF(H9="","",HOUR(H9))
A10: =IF(G10="","",IF(G10=G9,"",COUNTIF($G$3:$G$976,G10))) | C10: =IF(G10="","",DAY(G10)) | D10: =IF(G10="","",MONTH(G10)) | E10: =IF(G10="","",YEAR(G10)) | F10: =IF(G10="","",CHOOSE(MONTH(G10),"Janeiro","Fevereiro","Março","Abril","Maio","Junho","Julho","Agosto","Setembro","Outubro","Novembro","Dezembro")) | G10: 46054 | H10: 0.051805556 | I10: https://docs.google.com/spreadsheets/d/1ZiCGoPjLCjuYvujDTXK9Ixbth3tekiLtFBzBrGjPCr4/edit?gid=0#gid=0 | J10: Overpaid, Excede o limite, Sem comprovante - [OPEN] | L10: FALSE | N10: =IF($J10="","",IFERROR(INDEX(B!$F$2:$F$61,MATCH($J10,B!$E$2:$E$61,0))&"","")) | O10: =IF($J10="","",IFERROR(INDEX(B!$G$2:$G$61,MATCH($J10,B!$E$2:$E$61,0))&"","")) | P10: =IF($J10="","",IFERROR(INDEX(B!$H$2:$H$61,MATCH($J10,B!$E$2:$E$61,0))&"","")) | Q10: =IF($J10="","",IFERROR(INDEX(B!$I$2:$I$61,MATCH($J10,B!$E$2:$E$61,0))&"","")) | R10: =IF($J10="","",IFERROR(INDEX(B!$J$2:$J$61,MATCH($J10,B!$E$2:$E$61,0))&"","")) | S10: =IF($J10="","",IFERROR(INDEX(B!$K$2:$K$61,MATCH($J10,B!$E$2:$E$61,0))&"","")) | T10: =IF($J10="","",IFERROR(INDEX(B!$L$2:$L$61,MATCH($J10,B!$E$2:$E$61,0))&"","")) | V10: =IF($J10="","",IFERROR(INDEX(B!$M$2:$M$61,MATCH($J10,B!$E$2:$E$61,0))&"","")) | W10: =IF(I10="","",IFERROR(MID(I10,FIND("/d/",I10)+3,FIND("/edit",I10)-FIND("/d/",I10)-3),I10)) | X10: =IF($J10="","",IFERROR(INDEX(B!$C$2:$C$61,MATCH($J10,B!$E$2:$E$61,0))&"","")) | Z10: =IF($J10="",FALSE,ISNUMBER(SEARCH("scout",$K10))) | AA10: =IF($J10="",FALSE,IFERROR(INDEX(B!$N$2:$N$61,MATCH($J10,B!$E$2:$E$61,0))="Sim",FALSE)) | AB10: =IF($J10="",FALSE,LEFT($X10,2)="XX") | AC10: =IF($J10="",FALSE,IFERROR(INDEX(B!$P$2:$P$61,MATCH($J10,B!$E$2:$E$61,0))="Sim",FALSE)) | AE10: =IF(H10="","",HOUR(H10))
A11: =IF(G11="","",IF(G11=G10,"",COUNTIF($G$3:$G$976,G11))) | C11: =IF(G11="","",DAY(G11)) | D11: =IF(G11="","",MONTH(G11)) | E11: =IF(G11="","",YEAR(G11)) | F11: =IF(G11="","",CHOOSE(MONTH(G11),"Janeiro","Fevereiro","Março","Abril","Maio","Junho","Julho","Agosto","Setembro","Outubro","Novembro","Dezembro")) | G11: 46054 | H11: 0.052731481 | I11: https://docs.google.com/spreadsheets/d/1ZiCGoPjLCjuYvujDTXK9Ixbth3tekiLtFBzBrGjPCr4/edit?gid=0#gid=0 | J11: Transferência de LOB (Driver) - [TIDV] | L11: FALSE | N11: =IF($J11="","",IFERROR(INDEX(B!$F$2:$F$61,MATCH($J11,B!$E$2:$E$61,0))&"","")) | O11: =IF($J11="","",IFERROR(INDEX(B!$G$2:$G$61,MATCH($J11,B!$E$2:$E$61,0))&"","")) | P11: =IF($J11="","",IFERROR(INDEX(B!$H$2:$H$61,MATCH($J11,B!$E$2:$E$61,0))&"","")) | Q11: =IF($J11="","",IFERROR(INDEX(B!$I$2:$I$61,MATCH($J11,B!$E$2:$E$61,0))&"","")) | R11: =IF($J11="","",IFERROR(INDEX(B!$J$2:$J$61,MATCH($J11,B!$E$2:$E$61,0))&"","")) | S11: =IF($J11="","",IFERROR(INDEX(B!$K$2:$K$61,MATCH($J11,B!$E$2:$E$61,0))&"","")) | T11: =IF($J11="","",IFERROR(INDEX(B!$L$2:$L$61,MATCH($J11,B!$E$2:$E$61,0))&"","")) | V11: =IF($J11="","",IFERROR(INDEX(B!$M$2:$M$61,MATCH($J11,B!$E$2:$E$61,0))&"","")) | W11: =IF(I11="","",IFERROR(MID(I11,FIND("/d/",I11)+3,FIND("/edit",I11)-FIND("/d/",I11)-3),I11)) | X11: =IF($J11="","",IFERROR(INDEX(B!$C$2:$C$61,MATCH($J11,B!$E$2:$E$61,0))&"","")) | Z11: =IF($J11="",FALSE,ISNUMBER(SEARCH("scout",$K11))) | AA11: =IF($J11="",FALSE,IFERROR(INDEX(B!$N$2:$N$61,MATCH($J11,B!$E$2:$E$61,0))="Sim",FALSE)) | AB11: =IF($J11="",FALSE,LEFT($X11,2)="XX") | AC11: =IF($J11="",FALSE,IFERROR(INDEX(B!$P$2:$P$61,MATCH($J11,B!$E$2:$E$61,0))="Sim",FALSE)) | AE11: =IF(H11="","",HOUR(H11))
A12: =IF(G12="","",IF(G12=G11,"",COUNTIF($G$3:$G$976,G12))) | C12: =IF(G12="","",DAY(G12)) | D12: =IF(G12="","",MONTH(G12)) | E12: =IF(G12="","",YEAR(G12)) | F12: =IF(G12="","",CHOOSE(MONTH(G12),"Janeiro","Fevereiro","Março","Abril","Maio","Junho","Julho","Agosto","Setembro","Outubro","Novembro","Dezembro")) | G12: 46054 | H12: 0.054583333 | I12: https://docs.google.com/spreadsheets/d/1ZiCGoPjLCjuYvujDTXK9Ixbth3tekiLtFBzBrGjPCr4/edit?gid=0#gid=0 | J12: Pushback - [XX] | K12: Scout | L12: FALSE | N12: =IF($J12="","",IFERROR(INDEX(B!$F$2:$F$61,MATCH($J12,B!$E$2:$E$61,0))&"","")) | O12: =IF($J12="","",IFERROR(INDEX(B!$G$2:$G$61,MATCH($J12,B!$E$2:$E$61,0))&"","")) | P12: =IF($J12="","",IFERROR(INDEX(B!$H$2:$H$61,MATCH($J12,B!$E$2:$E$61,0))&"","")) | Q12: =IF($J12="","",IFERROR(INDEX(B!$I$2:$I$61,MATCH($J12,B!$E$2:$E$61,0))&"","")) | R12: =IF($J12="","",IFERROR(INDEX(B!$J$2:$J$61,MATCH($J12,B!$E$2:$E$61,0))&"","")) | S12: =IF($J12="","",IFERROR(INDEX(B!$K$2:$K$61,MATCH($J12,B!$E$2:$E$61,0))&"","")) | T12: =IF($J12="","",IFERROR(INDEX(B!$L$2:$L$61,MATCH($J12,B!$E$2:$E$61,0))&"","")) | V12: =IF($J12="","",IFERROR(INDEX(B!$M$2:$M$61,MATCH($J12,B!$E$2:$E$61,0))&"","")) | W12: =IF(I12="","",IFERROR(MID(I12,FIND("/d/",I12)+3,FIND("/edit",I12)-FIND("/d/",I12)-3),I12)) | X12: =IF($J12="","",IFERROR(INDEX(B!$C$2:$C$61,MATCH($J12,B!$E$2:$E$61,0))&"","")) | Z12: =IF($J12="",FALSE,ISNUMBER(SEARCH("scout",$K12))) | AA12: =IF($J12="",FALSE,IFERROR(INDEX(B!$N$2:$N$61,MATCH($J12,B!$E$2:$E$61,0))="Sim",FALSE)) | AB12: =IF($J12="",FALSE,LEFT($X12,2)="XX") | AC12: =IF($J12="",FALSE,IFERROR(INDEX(B!$P$2:$P$61,MATCH($J12,B!$E$2:$E$61,0))="Sim",FALSE)) | AE12: =IF(H12="","",HOUR(H12))
A13: =IF(G13="","",IF(G13=G12,"",COUNTIF($G$3:$G$976,G13))) | C13: =IF(G13="","",DAY(G13)) | D13: =IF(G13="","",MONTH(G13)) | E13: =IF(G13="","",YEAR(G13)) | F13: =IF(G13="","",CHOOSE(MONTH(G13),"Janeiro","Fevereiro","Março","Abril","Maio","Junho","Julho","Agosto","Setembro","Outubro","Novembro","Dezembro")) | G13: 46054 | H13: 0.060486111 | I13: https://docs.google.com/spreadsheets/d/1ZiCGoPjLCjuYvujDTXK9Ixbth3tekiLtFBzBrGjPCr4/edit?gid=0#gid=0 | J13: Trajeto Ruim - [TR] | L13: FALSE | N13: =IF($J13="","",IFERROR(INDEX(B!$F$2:$F$61,MATCH($J13,B!$E$2:$E$61,0))&"","")) | O13: =IF($J13="","",IFERROR(INDEX(B!$G$2:$G$61,MATCH($J13,B!$E$2:$E$61,0))&"","")) | P13: =IF($J13="","",IFERROR(INDEX(B!$H$2:$H$61,MATCH($J13,B!$E$2:$E$61,0))&"","")) | Q13: =IF($J13="","",IFERROR(INDEX(B!$I$2:$I$61,MATCH($J13,B!$E$2:$E$61,0))&"","")) | R13: =IF($J13="","",IFERROR(INDEX(B!$J$2:$J$61,MATCH($J13,B!$E$2:$E$61,0))&"","")) | S13: =IF($J13="","",IFERROR(INDEX(B!$K$2:$K$61,MATCH($J13,B!$E$2:$E$61,0))&"","")) | T13: =IF($J13="","",IFERROR(INDEX(B!$L$2:$L$61,MATCH($J13,B!$E$2:$E$61,0))&"","")) | V13: =IF($J13="","",IFERROR(INDEX(B!$M$2:$M$61,MATCH($J13,B!$E$2:$E$61,0))&"","")) | W13: =IF(I13="","",IFERROR(MID(I13,FIND("/d/",I13)+3,FIND("/edit",I13)-FIND("/d/",I13)-3),I13)) | X13: =IF($J13="","",IFERROR(INDEX(B!$C$2:$C$61,MATCH($J13,B!$E$2:$E$61,0))&"","")) | Z13: =IF($J13="",FALSE,ISNUMBER(SEARCH("scout",$K13))) | AA13: =IF($J13="",FALSE,IFERROR(INDEX(B!$N$2:$N$61,MATCH($J13,B!$E$2:$E$61,0))="Sim",FALSE)) | AB13: =IF($J13="",FALSE,LEFT($X13,2)="XX") | AC13: =IF($J13="",FALSE,IFERROR(INDEX(B!$P$2:$P$61,MATCH($J13,B!$E$2:$E$61,0))="Sim",FALSE)) | AE13: =IF(H13="","",HOUR(H13))
A14: =IF(G14="","",IF(G14=G13,"",COUNTIF($G$3:$G$976,G14))) | C14: =IF(G14="","",DAY(G14)) | D14: =IF(G14="","",MONTH(G14)) | E14: =IF(G14="","",YEAR(G14)) | F14: =IF(G14="","",CHOOSE(MONTH(G14),"Janeiro","Fevereiro","Março","Abril","Maio","Junho","Julho","Agosto","Setembro","Outubro","Novembro","Dezembro")) | G14: 46054 | H14: 0.060821759 | I14: https://docs.google.com/spreadsheets/d/1ZiCGoPjLCjuYvujDTXK9Ixbth3tekiLtFBzBrGjPCr4/edit?gid=0#gid=0 | J14: Taxa de Limpeza - [TXL] | K14: Scout | L14: FALSE | N14: =IF($J14="","",IFERROR(INDEX(B!$F$2:$F$61,MATCH($J14,B!$E$2:$E$61,0))&"","")) | O14: =IF($J14="","",IFERROR(INDEX(B!$G$2:$G$61,MATCH($J14,B!$E$2:$E$61,0))&"","")) | P14: =IF($J14="","",IFERROR(INDEX(B!$H$2:$H$61,MATCH($J14,B!$E$2:$E$61,0))&"","")) | Q14: =IF($J14="","",IFERROR(INDEX(B!$I$2:$I$61,MATCH($J14,B!$E$2:$E$61,0))&"","")) | R14: =IF($J14="","",IFERROR(INDEX(B!$J$2:$J$61,MATCH($J14,B!$E$2:$E$61,0))&"","")) | S14: =IF($J14="","",IFERROR(INDEX(B!$K$2:$K$61,MATCH($J14,B!$E$2:$E$61,0))&"","")) | T14: =IF($J14="","",IFERROR(INDEX(B!$L$2:$L$61,MATCH($J14,B!$E$2:$E$61,0))&"","")) | V14: =IF($J14="","",IFERROR(INDEX(B!$M$2:$M$61,MATCH($J14,B!$E$2:$E$61,0))&"","")) | W14: =IF(I14="","",IFERROR(MID(I14,FIND("/d/",I14)+3,FIND("/edit",I14)-FIND("/d/",I14)-3),I14)) | X14: =IF($J14="","",IFERROR(INDEX(B!$C$2:$C$61,MATCH($J14,B!$E$2:$E$61,0))&"","")) | Z14: =IF($J14="",FALSE,ISNUMBER(SEARCH("scout",$K14))) | AA14: =IF($J14="",FALSE,IFERROR(INDEX(B!$N$2:$N$61,MATCH($J14,B!$E$2:$E$61,0))="Sim",FALSE)) | AB14: =IF($J14="",FALSE,LEFT($X14,2)="XX") | AC14: =IF($J14="",FALSE,IFERROR(INDEX(B!$P$2:$P$61,MATCH($J14,B!$E$2:$E$61,0))="Sim",FALSE)) | AE14: =IF(H14="","",HOUR(H14))
A15: =IF(G15="","",IF(G15=G14,"",COUNTIF($G$3:$G$976,G15))) | C15: =IF(G15="","",DAY(G15)) | D15: =IF(G15="","",MONTH(G15)) | E15: =IF(G15="","",YEAR(G15)) | F15: =IF(G15="","",CHOOSE(MONTH(G15),"Janeiro","Fevereiro","Março","Abril","Maio","Junho","Julho","Agosto","Setembro","Outubro","Novembro","Dezembro")) | G15: 46054 | H15: 0.064791667 | I15: https://docs.google.com/spreadsheets/d/1ZiCGoPjLCjuYvujDTXK9Ixbth3tekiLtFBzBrGjPCr4/edit?gid=0#gid=0 | J15: Pushback - [XX] | K15: Scout | L15: FALSE | N15: =IF($J15="","",IFERROR(INDEX(B!$F$2:$F$61,MATCH($J15,B!$E$2:$E$61,0))&"","")) | O15: =IF($J15="","",IFERROR(INDEX(B!$G$2:$G$61,MATCH($J15,B!$E$2:$E$61,0))&"","")) | P15: =IF($J15="","",IFERROR(INDEX(B!$H$2:$H$61,MATCH($J15,B!$E$2:$E$61,0))&"","")) | Q15: =IF($J15="","",IFERROR(INDEX(B!$I$2:$I$61,MATCH($J15,B!$E$2:$E$61,0))&"","")) | R15: =IF($J15="","",IFERROR(INDEX(B!$J$2:$J$61,MATCH($J15,B!$E$2:$E$61,0))&"","")) | S15: =IF($J15="","",IFERROR(INDEX(B!$K$2:$K$61,MATCH($J15,B!$E$2:$E$61,0))&"","")) | T15: =IF($J15="","",IFERROR(INDEX(B!$L$2:$L$61,MATCH($J15,B!$E$2:$E$61,0))&"","")) | V15: =IF($J15="","",IFERROR(INDEX(B!$M$2:$M$61,MATCH($J15,B!$E$2:$E$61,0))&"","")) | W15: =IF(I15="","",IFERROR(MID(I15,FIND("/d/",I15)+3,FIND("/edit",I15)-FIND("/d/",I15)-3),I15)) | X15: =IF($J15="","",IFERROR(INDEX(B!$C$2:$C$61,MATCH($J15,B!$E$2:$E$61,0))&"","")) | Z15: =IF($J15="",FALSE,ISNUMBER(SEARCH("scout",$K15))) | AA15: =IF($J15="",FALSE,IFERROR(INDEX(B!$N$2:$N$61,MATCH($J15,B!$E$2:$E$61,0))="Sim",FALSE)) | AB15: =IF($J15="",FALSE,LEFT($X15,2)="XX") | AC15: =IF($J15="",FALSE,IFERROR(INDEX(B!$P$2:$P$61,MATCH($J15,B!$E$2:$E$61,0))="Sim",FALSE)) | AE15: =IF(H15="","",HOUR(H15))
A16: =IF(G16="","",IF(G16=G15,"",COUNTIF($G$3:$G$976,G16))) | C16: =IF(G16="","",DAY(G16)) | D16: =IF(G16="","",MONTH(G16)) | E16: =IF(G16="","",YEAR(G16)) | F16: =IF(G16="","",CHOOSE(MONTH(G16),"Janeiro","Fevereiro","Março","Abril","Maio","Junho","Julho","Agosto","Setembro","Outubro","Novembro","Dezembro")) | G16: 46054 | H16: 0.068240741 | I16: https://docs.google.com/spreadsheets/d/1ZiCGoPjLCjuYvujDTXK9Ixbth3tekiLtFBzBrGjPCr4/edit?gid=0#gid=0 | J16: Pushback - [XX] | L16: FALSE | N16: =IF($J16="","",IFERROR(INDEX(B!$F$2:$F$61,MATCH($J16,B!$E$2:$E$61,0))&"","")) | O16: =IF($J16="","",IFERROR(INDEX(B!$G$2:$G$61,MATCH($J16,B!$E$2:$E$61,0))&"","")) | P16: =IF($J16="","",IFERROR(INDEX(B!$H$2:$H$61,MATCH($J16,B!$E$2:$E$61,0))&"","")) | Q16: =IF($J16="","",IFERROR(INDEX(B!$I$2:$I$61,MATCH($J16,B!$E$2:$E$61,0))&"","")) | R16: =IF($J16="","",IFERROR(INDEX(B!$J$2:$J$61,MATCH($J16,B!$E$2:$E$61,0))&"","")) | S16: =IF($J16="","",IFERROR(INDEX(B!$K$2:$K$61,MATCH($J16,B!$E$2:$E$61,0))&"","")) | T16: =IF($J16="","",IFERROR(INDEX(B!$L$2:$L$61,MATCH($J16,B!$E$2:$E$61,0))&"","")) | V16: =IF($J16="","",IFERROR(INDEX(B!$M$2:$M$61,MATCH($J16,B!$E$2:$E$61,0))&"","")) | W16: =IF(I16="","",IFERROR(MID(I16,FIND("/d/",I16)+3,FIND("/edit",I16)-FIND("/d/",I16)-3),I16)) | X16: =IF($J16="","",IFERROR(INDEX(B!$C$2:$C$61,MATCH($J16,B!$E$2:$E$61,0))&"","")) | Z16: =IF($J16="",FALSE,ISNUMBER(SEARCH("scout",$K16))) | AA16: =IF($J16="",FALSE,IFERROR(INDEX(B!$N$2:$N$61,MATCH($J16,B!$E$2:$E$61,0))="Sim",FALSE)) | AB16: =IF($J16="",FALSE,LEFT($X16,2)="XX") | AC16: =IF($J16="",FALSE,IFERROR(INDEX(B!$P$2:$P$61,MATCH($J16,B!$E$2:$E$61,0))="Sim",FALSE)) | AE16: =IF(H16="","",HOUR(H16))
A17: =IF(G17="","",IF(G17=G16,"",COUNTIF($G$3:$G$976,G17))) | C17: =IF(G17="","",DAY(G17)) | D17: =IF(G17="","",MONTH(G17)) | E17: =IF(G17="","",YEAR(G17)) | F17: =IF(G17="","",CHOOSE(MONTH(G17),"Janeiro","Fevereiro","Março","Abril","Maio","Junho","Julho","Agosto","Setembro","Outubro","Novembro","Dezembro")) | G17: 46054 | H17: 0.071689815 | I17: https://docs.google.com/spreadsheets/d/1ZiCGoPjLCjuYvujDTXK9Ixbth3tekiLtFBzBrGjPCr4/edit?gid=0#gid=0 | J17: Taxa de Cancelamento - [TXC] | K17: Scout | L17: FALSE | N17: =IF($J17="","",IFERROR(INDEX(B!$F$2:$F$61,MATCH($J17,B!$E$2:$E$61,0))&"","")) | O17: =IF($J17="","",IFERROR(INDEX(B!$G$2:$G$61,MATCH($J17,B!$E$2:$E$61,0))&"","")) | P17: =IF($J17="","",IFERROR(INDEX(B!$H$2:$H$61,MATCH($J17,B!$E$2:$E$61,0))&"","")) | Q17: =IF($J17="","",IFERROR(INDEX(B!$I$2:$I$61,MATCH($J17,B!$E$2:$E$61,0))&"","")) | R17: =IF($J17="","",IFERROR(INDEX(B!$J$2:$J$61,MATCH($J17,B!$E$2:$E$61,0))&"","")) | S17: =IF($J17="","",IFERROR(INDEX(B!$K$2:$K$61,MATCH($J17,B!$E$2:$E$61,0))&"","")) | T17: =IF($J17="","",IFERROR(INDEX(B!$L$2:$L$61,MATCH($J17,B!$E$2:$E$61,0))&"","")) | V17: =IF($J17="","",IFERROR(INDEX(B!$M$2:$M$61,MATCH($J17,B!$E$2:$E$61,0))&"","")) | W17: =IF(I17="","",IFERROR(MID(I17,FIND("/d/",I17)+3,FIND("/edit",I17)-FIND("/d/",I17)-3),I17)) | X17: =IF($J17="","",IFERROR(INDEX(B!$C$2:$C$61,MATCH($J17,B!$E$2:$E$61,0))&"","")) | Z17: =IF($J17="",FALSE,ISNUMBER(SEARCH("scout",$K17))) | AA17: =IF($J17="",FALSE,IFERROR(INDEX(B!$N$2:$N$61,MATCH($J17,B!$E$2:$E$61,0))="Sim",FALSE)) | AB17: =IF($J17="",FALSE,LEFT($X17,2)="XX") | AC17: =IF($J17="",FALSE,IFERROR(INDEX(B!$P$2:$P$61,MATCH($J17,B!$E$2:$E$61,0))="Sim",FALSE)) | AE17: =IF(H17="","",HOUR(H17))
A18: =IF(G18="","",IF(G18=G17,"",COUNTIF($G$3:$G$976,G18))) | C18: =IF(G18="","",DAY(G18)) | D18: =IF(G18="","",MONTH(G18)) | E18: =IF(G18="","",YEAR(G18)) | F18: =IF(G18="","",CHOOSE(MONTH(G18),"Janeiro","Fevereiro","Março","Abril","Maio","Junho","Julho","Agosto","Setembro","Outubro","Novembro","Dezembro")) | G18: 46054 | H18: 0.075856481 | I18: https://docs.google.com/spreadsheets/d/1ZiCGoPjLCjuYvujDTXK9Ixbth3tekiLtFBzBrGjPCr4/edit?gid=0#gid=0 | J18: Taxa de Cancelamento - [TXC] | L18: FALSE | N18: =IF($J18="","",IFERROR(INDEX(B!$F$2:$F$61,MATCH($J18,B!$E$2:$E$61,0))&"","")) | O18: =IF($J18="","",IFERROR(INDEX(B!$G$2:$G$61,MATCH($J18,B!$E$2:$E$61,0))&"","")) | P18: =IF($J18="","",IFERROR(INDEX(B!$H$2:$H$61,MATCH($J18,B!$E$2:$E$61,0))&"","")) | Q18: =IF($J18="","",IFERROR(INDEX(B!$I$2:$I$61,MATCH($J18,B!$E$2:$E$61,0))&"","")) | R18: =IF($J18="","",IFERROR(INDEX(B!$J$2:$J$61,MATCH($J18,B!$E$2:$E$61,0))&"","")) | S18: =IF($J18="","",IFERROR(INDEX(B!$K$2:$K$61,MATCH($J18,B!$E$2:$E$61,0))&"","")) | T18: =IF($J18="","",IFERROR(INDEX(B!$L$2:$L$61,MATCH($J18,B!$E$2:$E$61,0))&"","")) | V18: =IF($J18="","",IFERROR(INDEX(B!$M$2:$M$61,MATCH($J18,B!$E$2:$E$61,0))&"","")) | W18: =IF(I18="","",IFERROR(MID(I18,FIND("/d/",I18)+3,FIND("/edit",I18)-FIND("/d/",I18)-3),I18)) | X18: =IF($J18="","",IFERROR(INDEX(B!$C$2:$C$61,MATCH($J18,B!$E$2:$E$61,0))&"","")) | Z18: =IF($J18="",FALSE,ISNUMBER(SEARCH("scout",$K18))) | AA18: =IF($J18="",FALSE,IFERROR(INDEX(B!$N$2:$N$61,MATCH($J18,B!$E$2:$E$61,0))="Sim",FALSE)) | AB18: =IF($J18="",FALSE,LEFT($X18,2)="XX") | AC18: =IF($J18="",FALSE,IFERROR(INDEX(B!$P$2:$P$61,MATCH($J18,B!$E$2:$E$61,0))="Sim",FALSE)) | AE18: =IF(H18="","",HOUR(H18))
A19: =IF(G19="","",IF(G19=G18,"",COUNTIF($G$3:$G$976,G19))) | C19: =IF(G19="","",DAY(G19)) | D19: =IF(G19="","",MONTH(G19)) | E19: =IF(G19="","",YEAR(G19)) | F19: =IF(G19="","",CHOOSE(MONTH(G19),"Janeiro","Fevereiro","Março","Abril","Maio","Junho","Julho","Agosto","Setembro","Outubro","Novembro","Dezembro")) | G19: 46054 | H19: 0.076111111 | I19: https://docs.google.com/spreadsheets/d/1ZiCGoPjLCjuYvujDTXK9Ixbth3tekiLtFBzBrGjPCr4/edit?gid=0#gid=0 | J19: Transferência de LOB (Accounts) - [TIAC] | K19: Scout | L19: FALSE | N19: =IF($J19="","",IFERROR(INDEX(B!$F$2:$F$61,MATCH($J19,B!$E$2:$E$61,0))&"","")) | O19: =IF($J19="","",IFERROR(INDEX(B!$G$2:$G$61,MATCH($J19,B!$E$2:$E$61,0))&"","")) | P19: =IF($J19="","",IFERROR(INDEX(B!$H$2:$H$61,MATCH($J19,B!$E$2:$E$61,0))&"","")) | Q19: =IF($J19="","",IFERROR(INDEX(B!$I$2:$I$61,MATCH($J19,B!$E$2:$E$61,0))&"","")) | R19: =IF($J19="","",IFERROR(INDEX(B!$J$2:$J$61,MATCH($J19,B!$E$2:$E$61,0))&"","")) | S19: =IF($J19="","",IFERROR(INDEX(B!$K$2:$K$61,MATCH($J19,B!$E$2:$E$61,0))&"","")) | T19: =IF($J19="","",IFERROR(INDEX(B!$L$2:$L$61,MATCH($J19,B!$E$2:$E$61,0))&"","")) | V19: =IF($J19="","",IFERROR(INDEX(B!$M$2:$M$61,MATCH($J19,B!$E$2:$E$61,0))&"","")) | W19: =IF(I19="","",IFERROR(MID(I19,FIND("/d/",I19)+3,FIND("/edit",I19)-FIND("/d/",I19)-3),I19)) | X19: =IF($J19="","",IFERROR(INDEX(B!$C$2:$C$61,MATCH($J19,B!$E$2:$E$61,0))&"","")) | Z19: =IF($J19="",FALSE,ISNUMBER(SEARCH("scout",$K19))) | AA19: =IF($J19="",FALSE,IFERROR(INDEX(B!$N$2:$N$61,MATCH($J19,B!$E$2:$E$61,0))="Sim",FALSE)) | AB19: =IF($J19="",FALSE,LEFT($X19,2)="XX") | AC19: =IF($J19="",FALSE,IFERROR(INDEX(B!$P$2:$P$61,MATCH($J19,B!$E$2:$E$61,0))="Sim",FALSE)) | AE19: =IF(H19="","",HOUR(H19))
A20: =IF(G20="","",IF(G20=G19,"",COUNTIF($G$3:$G$976,G20))) | C20: =IF(G20="","",DAY(G20)) | D20: =IF(G20="","",MONTH(G20)) | E20: =IF(G20="","",YEAR(G20)) | F20: =IF(G20="","",CHOOSE(MONTH(G20),"Janeiro","Fevereiro","Março","Abril","Maio","Junho","Julho","Agosto","Setembro","Outubro","Novembro","Dezembro")) | G20: 46054 | H20: 0.079884259 | I20: https://docs.google.com/spreadsheets/d/1ZiCGoPjLCjuYvujDTXK9Ixbth3tekiLtFBzBrGjPCr4/edit?gid=0#gid=0 | J20: Transferência de LOB (Lost Items) - [TILI] | K20: Scout | L20: FALSE | N20: =IF($J20="","",IFERROR(INDEX(B!$F$2:$F$61,MATCH($J20,B!$E$2:$E$61,0))&"","")) | O20: =IF($J20="","",IFERROR(INDEX(B!$G$2:$G$61,MATCH($J20,B!$E$2:$E$61,0))&"","")) | P20: =IF($J20="","",IFERROR(INDEX(B!$H$2:$H$61,MATCH($J20,B!$E$2:$E$61,0))&"","")) | Q20: =IF($J20="","",IFERROR(INDEX(B!$I$2:$I$61,MATCH($J20,B!$E$2:$E$61,0))&"","")) | R20: =IF($J20="","",IFERROR(INDEX(B!$J$2:$J$61,MATCH($J20,B!$E$2:$E$61,0))&"","")) | S20: =IF($J20="","",IFERROR(INDEX(B!$K$2:$K$61,MATCH($J20,B!$E$2:$E$61,0))&"","")) | T20: =IF($J20="","",IFERROR(INDEX(B!$L$2:$L$61,MATCH($J20,B!$E$2:$E$61,0))&"","")) | V20: =IF($J20="","",IFERROR(INDEX(B!$M$2:$M$61,MATCH($J20,B!$E$2:$E$61,0))&"","")) | W20: =IF(I20="","",IFERROR(MID(I20,FIND("/d/",I20)+3,FIND("/edit",I20)-FIND("/d/",I20)-3),I20)) | X20: =IF($J20="","",IFERROR(INDEX(B!$C$2:$C$61,MATCH($J20,B!$E$2:$E$61,0))&"","")) | Z20: =IF($J20="",FALSE,ISNUMBER(SEARCH("scout",$K20))) | AA20: =IF($J20="",FALSE,IFERROR(INDEX(B!$N$2:$N$61,MATCH($J20,B!$E$2:$E$61,0))="Sim",FALSE)) | AB20: =IF($J20="",FALSE,LEFT($X20,2)="XX") | AC20: =IF($J20="",FALSE,IFERROR(INDEX(B!$P$2:$P$61,MATCH($J20,B!$E$2:$E$61,0))="Sim",FALSE)) | AE20: =IF(H20="","",HOUR(H20))
A21: =IF(G21="","",IF(G21=G20,"",COUNTIF($G$3:$G$976,G21))) | C21: =IF(G21="","",DAY(G21)) | D21: =IF(G21="","",MONTH(G21)) | E21: =IF(G21="","",YEAR(G21)) | F21: =IF(G21="","",CHOOSE(MONTH(G21),"Janeiro","Fevereiro","Março","Abril","Maio","Junho","Julho","Agosto","Setembro","Outubro","Novembro","Dezembro")) | G21: 46054 | H21: 0.091388889 | I21: https://docs.google.com/spreadsheets/d/1ZiCGoPjLCjuYvujDTXK9Ixbth3tekiLtFBzBrGjPCr4/edit?gid=0#gid=0 | J21: Overpaid, Excede o limite Com comprovante - [OPEC] | L21: FALSE | N21: =IF($J21="","",IFERROR(INDEX(B!$F$2:$F$61,MATCH($J21,B!$E$2:$E$61,0))&"","")) | O21: =IF($J21="","",IFERROR(INDEX(B!$G$2:$G$61,MATCH($J21,B!$E$2:$E$61,0))&"","")) | P21: =IF($J21="","",IFERROR(INDEX(B!$H$2:$H$61,MATCH($J21,B!$E$2:$E$61,0))&"","")) | Q21: =IF($J21="","",IFERROR(INDEX(B!$I$2:$I$61,MATCH($J21,B!$E$2:$E$61,0))&"","")) | R21: =IF($J21="","",IFERROR(INDEX(B!$J$2:$J$61,MATCH($J21,B!$E$2:$E$61,0))&"","")) | S21: =IF($J21="","",IFERROR(INDEX(B!$K$2:$K$61,MATCH($J21,B!$E$2:$E$61,0))&"","")) | T21: =IF($J21="","",IFERROR(INDEX(B!$L$2:$L$61,MATCH($J21,B!$E$2:$E$61,0))&"","")) | V21: =IF($J21="","",IFERROR(INDEX(B!$M$2:$M$61,MATCH($J21,B!$E$2:$E$61,0))&"","")) | W21: =IF(I21="","",IFERROR(MID(I21,FIND("/d/",I21)+3,FIND("/edit",I21)-FIND("/d/",I21)-3),I21)) | X21: =IF($J21="","",IFERROR(INDEX(B!$C$2:$C$61,MATCH($J21,B!$E$2:$E$61,0))&"","")) | Z21: =IF($J21="",FALSE,ISNUMBER(SEARCH("scout",$K21))) | AA21: =IF($J21="",FALSE,IFERROR(INDEX(B!$N$2:$N$61,MATCH($J21,B!$E$2:$E$61,0))="Sim",FALSE)) | AB21: =IF($J21="",FALSE,LEFT($X21,2)="XX") | AC21: =IF($J21="",FALSE,IFERROR(INDEX(B!$P$2:$P$61,MATCH($J21,B!$E$2:$E$61,0))="Sim",FALSE)) | AE21: =IF(H21="","",HOUR(H21))
A22: =IF(G22="","",IF(G22=G21,"",COUNTIF($G$3:$G$976,G22))) | C22: =IF(G22="","",DAY(G22)) | D22: =IF(G22="","",MONTH(G22)) | E22: =IF(G22="","",YEAR(G22)) | F22: =IF(G22="","",CHOOSE(MONTH(G22),"Janeiro","Fevereiro","Março","Abril","Maio","Junho","Julho","Agosto","Setembro","Outubro","Novembro","Dezembro")) | G22: 46054 | H22: 0.099907407 | I22: https://docs.google.com/spreadsheets/d/1ZiCGoPjLCjuYvujDTXK9Ixbth3tekiLtFBzBrGjPCr4/edit?gid=0#gid=0 | J22: Transferência de LOB (Geral não especificado) - [TI] | L22: FALSE | N22: =IF($J22="","",IFERROR(INDEX(B!$F$2:$F$61,MATCH($J22,B!$E$2:$E$61,0))&"","")) | O22: =IF($J22="","",IFERROR(INDEX(B!$G$2:$G$61,MATCH($J22,B!$E$2:$E$61,0))&"","")) | P22: =IF($J22="","",IFERROR(INDEX(B!$H$2:$H$61,MATCH($J22,B!$E$2:$E$61,0))&"","")) | Q22: =IF($J22="","",IFERROR(INDEX(B!$I$2:$I$61,MATCH($J22,B!$E$2:$E$61,0))&"","")) | R22: =IF($J22="","",IFERROR(INDEX(B!$J$2:$J$61,MATCH($J22,B!$E$2:$E$61,0))&"","")) | S22: =IF($J22="","",IFERROR(INDEX(B!$K$2:$K$61,MATCH($J22,B!$E$2:$E$61,0))&"","")) | T22: =IF($J22="","",IFERROR(INDEX(B!$L$2:$L$61,MATCH($J22,B!$E$2:$E$61,0))&"","")) | V22: =IF($J22="","",IFERROR(INDEX(B!$M$2:$M$61,MATCH($J22,B!$E$2:$E$61,0))&"","")) | W22: =IF(I22="","",IFERROR(MID(I22,FIND("/d/",I22)+3,FIND("/edit",I22)-FIND("/d/",I22)-3),I22)) | X22: =IF($J22="","",IFERROR(INDEX(B!$C$2:$C$61,MATCH($J22,B!$E$2:$E$61,0))&"","")) | Z22: =IF($J22="",FALSE,ISNUMBER(SEARCH("scout",$K22))) | AA22: =IF($J22="",FALSE,IFERROR(INDEX(B!$N$2:$N$61,MATCH($J22,B!$E$2:$E$61,0))="Sim",FALSE)) | AB22: =IF($J22="",FALSE,LEFT($X22,2)="XX") | AC22: =IF($J22="",FALSE,IFERROR(INDEX(B!$P$2:$P$61,MATCH($J22,B!$E$2:$E$61,0))="Sim",FALSE)) | AE22: =IF(H22="","",HOUR(H22))
A23: =IF(G23="","",IF(G23=G22,"",COUNTIF($G$3:$G$976,G23))) | C23: =IF(G23="","",DAY(G23)) | D23: =IF(G23="","",MONTH(G23)) | E23: =IF(G23="","",YEAR(G23)) | F23: =IF(G23="","",CHOOSE(MONTH(G23),"Janeiro","Fevereiro","Março","Abril","Maio","Junho","Julho","Agosto","Setembro","Outubro","Novembro","Dezembro")) | G23: 46054 | H23: 0.10021991 | I23: https://docs.google.com/spreadsheets/d/1ZiCGoPjLCjuYvujDTXK9Ixbth3tekiLtFBzBrGjPCr4/edit?gid=0#gid=0 | J23: No Need Response (Não precisa de resposta) - [NRN] | L23: FALSE | N23: =IF($J23="","",IFERROR(INDEX(B!$F$2:$F$61,MATCH($J23,B!$E$2:$E$61,0))&"","")) | O23: =IF($J23="","",IFERROR(INDEX(B!$G$2:$G$61,MATCH($J23,B!$E$2:$E$61,0))&"","")) | P23: =IF($J23="","",IFERROR(INDEX(B!$H$2:$H$61,MATCH($J23,B!$E$2:$E$61,0))&"","")) | Q23: =IF($J23="","",IFERROR(INDEX(B!$I$2:$I$61,MATCH($J23,B!$E$2:$E$61,0))&"","")) | R23: =IF($J23="","",IFERROR(INDEX(B!$J$2:$J$61,MATCH($J23,B!$E$2:$E$61,0))&"","")) | S23: =IF($J23="","",IFERROR(INDEX(B!$K$2:$K$61,MATCH($J23,B!$E$2:$E$61,0))&"","")) | T23: =IF($J23="","",IFERROR(INDEX(B!$L$2:$L$61,MATCH($J23,B!$E$2:$E$61,0))&"","")) | V23: =IF($J23="","",IFERROR(INDEX(B!$M$2:$M$61,MATCH($J23,B!$E$2:$E$61,0))&"","")) | W23: =IF(I23="","",IFERROR(MID(I23,FIND("/d/",I23)+3,FIND("/edit",I23)-FIND("/d/",I23)-3),I23)) | X23: =IF($J23="","",IFERROR(INDEX(B!$C$2:$C$61,MATCH($J23,B!$E$2:$E$61,0))&"","")) | Z23: =IF($J23="",FALSE,ISNUMBER(SEARCH("scout",$K23))) | AA23: =IF($J23="",FALSE,IFERROR(INDEX(B!$N$2:$N$61,MATCH($J23,B!$E$2:$E$61,0))="Sim",FALSE)) | AB23: =IF($J23="",FALSE,LEFT($X23,2)="XX") | AC23: =IF($J23="",FALSE,IFERROR(INDEX(B!$P$2:$P$61,MATCH($J23,B!$E$2:$E$61,0))="Sim",FALSE)) | AE23: =IF(H23="","",HOUR(H23))
A24: =IF(G24="","",IF(G24=G23,"",COUNTIF($G$3:$G$976,G24))) | C24: =IF(G24="","",DAY(G24)) | D24: =IF(G24="","",MONTH(G24)) | E24: =IF(G24="","",YEAR(G24)) | F24: =IF(G24="","",CHOOSE(MONTH(G24),"Janeiro","Fevereiro","Março","Abril","Maio","Junho","Julho","Agosto","Setembro","Outubro","Novembro","Dezembro")) | G24: 46054 | H24: 0.10150463 | I24: https://docs.google.com/spreadsheets/d/1ZiCGoPjLCjuYvujDTXK9Ixbth3tekiLtFBzBrGjPCr4/edit?gid=0#gid=0 | J24: Evento Raro - [ER] | L24: FALSE | N24: =IF($J24="","",IFERROR(INDEX(B!$F$2:$F$61,MATCH($J24,B!$E$2:$E$61,0))&"","")) | O24: =IF($J24="","",IFERROR(INDEX(B!$G$2:$G$61,MATCH($J24,B!$E$2:$E$61,0))&"","")) | P24: =IF($J24="","",IFERROR(INDEX(B!$H$2:$H$61,MATCH($J24,B!$E$2:$E$61,0))&"","")) | Q24: =IF($J24="","",IFERROR(INDEX(B!$I$2:$I$61,MATCH($J24,B!$E$2:$E$61,0))&"","")) | R24: =IF($J24="","",IFERROR(INDEX(B!$J$2:$J$61,MATCH($J24,B!$E$2:$E$61,0))&"","")) | S24: =IF($J24="","",IFERROR(INDEX(B!$K$2:$K$61,MATCH($J24,B!$E$2:$E$61,0))&"","")) | T24: =IF($J24="","",IFERROR(INDEX(B!$L$2:$L$61,MATCH($J24,B!$E$2:$E$61,0))&"","")) | V24: =IF($J24="","",IFERROR(INDEX(B!$M$2:$M$61,MATCH($J24,B!$E$2:$E$61,0))&"","")) | W24: =IF(I24="","",IFERROR(MID(I24,FIND("/d/",I24)+3,FIND("/edit",I24)-FIND("/d/",I24)-3),I24)) | X24: =IF($J24="","",IFERROR(INDEX(B!$C$2:$C$61,MATCH($J24,B!$E$2:$E$61,0))&"","")) | Z24: =IF($J24="",FALSE,ISNUMBER(SEARCH("scout",$K24))) | AA24: =IF($J24="",FALSE,IFERROR(INDEX(B!$N$2:$N$61,MATCH($J24,B!$E$2:$E$61,0))="Sim",FALSE)) | AB24: =IF($J24="",FALSE,LEFT($X24,2)="XX") | AC24: =IF($J24="",FALSE,IFERROR(INDEX(B!$P$2:$P$61,MATCH($J24,B!$E$2:$E$61,0))="Sim",FALSE)) | AE24: =IF(H24="","",HOUR(H24))
A25: =IF(G25="","",IF(G25=G24,"",COUNTIF($G$3:$G$976,G25))) | C25: =IF(G25="","",DAY(G25)) | D25: =IF(G25="","",MONTH(G25)) | E25: =IF(G25="","",YEAR(G25)) | F25: =IF(G25="","",CHOOSE(MONTH(G25),"Janeiro","Fevereiro","Março","Abril","Maio","Junho","Julho","Agosto","Setembro","Outubro","Novembro","Dezembro")) | G25: 46054 | H25: 0.10462963 | I25: https://docs.google.com/spreadsheets/d/1ZiCGoPjLCjuYvujDTXK9Ixbth3tekiLtFBzBrGjPCr4/edit?gid=0#gid=0 | J25: Taxa de Limpeza, Sem ajustes - [TXLO] | L25: FALSE | N25: =IF($J25="","",IFERROR(INDEX(B!$F$2:$F$61,MATCH($J25,B!$E$2:$E$61,0))&"","")) | O25: =IF($J25="","",IFERROR(INDEX(B!$G$2:$G$61,MATCH($J25,B!$E$2:$E$61,0))&"","")) | P25: =IF($J25="","",IFERROR(INDEX(B!$H$2:$H$61,MATCH($J25,B!$E$2:$E$61,0))&"","")) | Q25: =IF($J25="","",IFERROR(INDEX(B!$I$2:$I$61,MATCH($J25,B!$E$2:$E$61,0))&"","")) | R25: =IF($J25="","",IFERROR(INDEX(B!$J$2:$J$61,MATCH($J25,B!$E$2:$E$61,0))&"","")) | S25: =IF($J25="","",IFERROR(INDEX(B!$K$2:$K$61,MATCH($J25,B!$E$2:$E$61,0))&"","")) | T25: =IF($J25="","",IFERROR(INDEX(B!$L$2:$L$61,MATCH($J25,B!$E$2:$E$61,0))&"","")) | V25: =IF($J25="","",IFERROR(INDEX(B!$M$2:$M$61,MATCH($J25,B!$E$2:$E$61,0))&"","")) | W25: =IF(I25="","",IFERROR(MID(I25,FIND("/d/",I25)+3,FIND("/edit",I25)-FIND("/d/",I25)-3),I25)) | X25: =IF($J25="","",IFERROR(INDEX(B!$C$2:$C$61,MATCH($J25,B!$E$2:$E$61,0))&"","")) | Z25: =IF($J25="",FALSE,ISNUMBER(SEARCH("scout",$K25))) | AA25: =IF($J25="",FALSE,IFERROR(INDEX(B!$N$2:$N$61,MATCH($J25,B!$E$2:$E$61,0))="Sim",FALSE)) | AB25: =IF($J25="",FALSE,LEFT($X25,2)="XX") | AC25: =IF($J25="",FALSE,IFERROR(INDEX(B!$P$2:$P$61,MATCH($J25,B!$E$2:$E$61,0))="Sim",FALSE)) | AE25: =IF(H25="","",HOUR(H25))
A26: =IF(G26="","",IF(G26=G25,"",COUNTIF($G$3:$G$976,G26))) | C26: =IF(G26="","",DAY(G26)) | D26: =IF(G26="","",MONTH(G26)) | E26: =IF(G26="","",YEAR(G26)) | F26: =IF(G26="","",CHOOSE(MONTH(G26),"Janeiro","Fevereiro","Março","Abril","Maio","Junho","Julho","Agosto","Setembro","Outubro","Novembro","Dezembro")) | G26: 46054 | H26: 0.11381944 | I26: https://docs.google.com/spreadsheets/d/1ZiCGoPjLCjuYvujDTXK9Ixbth3tekiLtFBzBrGjPCr4/edit?gid=0#gid=0 | J26: Viagem Calculada Incorretamente - [VCI] | L26: FALSE | N26: =IF($J26="","",IFERROR(INDEX(B!$F$2:$F$61,MATCH($J26,B!$E$2:$E$61,0))&"","")) | O26: =IF($J26="","",IFERROR(INDEX(B!$G$2:$G$61,MATCH($J26,B!$E$2:$E$61,0))&"","")) | P26: =IF($J26="","",IFERROR(INDEX(B!$H$2:$H$61,MATCH($J26,B!$E$2:$E$61,0))&"","")) | Q26: =IF($J26="","",IFERROR(INDEX(B!$I$2:$I$61,MATCH($J26,B!$E$2:$E$61,0))&"","")) | R26: =IF($J26="","",IFERROR(INDEX(B!$J$2:$J$61,MATCH($J26,B!$E$2:$E$61,0))&"","")) | S26: =IF($J26="","",IFERROR(INDEX(B!$K$2:$K$61,MATCH($J26,B!$E$2:$E$61,0))&"","")) | T26: =IF($J26="","",IFERROR(INDEX(B!$L$2:$L$61,MATCH($J26,B!$E$2:$E$61,0))&"","")) | V26: =IF($J26="","",IFERROR(INDEX(B!$M$2:$M$61,MATCH($J26,B!$E$2:$E$61,0))&"","")) | W26: =IF(I26="","",IFERROR(MID(I26,FIND("/d/",I26)+3,FIND("/edit",I26)-FIND("/d/",I26)-3),I26)) | X26: =IF($J26="","",IFERROR(INDEX(B!$C$2:$C$61,MATCH($J26,B!$E$2:$E$61,0))&"","")) | Z26: =IF($J26="",FALSE,ISNUMBER(SEARCH("scout",$K26))) | AA26: =IF($J26="",FALSE,IFERROR(INDEX(B!$N$2:$N$61,MATCH($J26,B!$E$2:$E$61,0))="Sim",FALSE)) | AB26: =IF($J26="",FALSE,LEFT($X26,2)="XX") | AC26: =IF($J26="",FALSE,IFERROR(INDEX(B!$P$2:$P$61,MATCH($J26,B!$E$2:$E$61,0))="Sim",FALSE)) | AE26: =IF(H26="","",HOUR(H26))
A27: =IF(G27="","",IF(G27=G26,"",COUNTIF($G$3:$G$976,G27))) | C27: =IF(G27="","",DAY(G27)) | D27: =IF(G27="","",MONTH(G27)) | E27: =IF(G27="","",YEAR(G27)) | F27: =IF(G27="","",CHOOSE(MONTH(G27),"Janeiro","Fevereiro","Março","Abril","Maio","Junho","Julho","Agosto","Setembro","Outubro","Novembro","Dezembro")) | G27: 46054 | H27: 0.11385417 | I27: https://docs.google.com/spreadsheets/d/1ZiCGoPjLCjuYvujDTXK9Ixbth3tekiLtFBzBrGjPCr4/edit?gid=0#gid=0 | J27: Overpaid, Não excede o limite, Sem comprovante - [OPNN] | L27: FALSE | N27: =IF($J27="","",IFERROR(INDEX(B!$F$2:$F$61,MATCH($J27,B!$E$2:$E$61,0))&"","")) | O27: =IF($J27="","",IFERROR(INDEX(B!$G$2:$G$61,MATCH($J27,B!$E$2:$E$61,0))&"","")) | P27: =IF($J27="","",IFERROR(INDEX(B!$H$2:$H$61,MATCH($J27,B!$E$2:$E$61,0))&"","")) | Q27: =IF($J27="","",IFERROR(INDEX(B!$I$2:$I$61,MATCH($J27,B!$E$2:$E$61,0))&"","")) | R27: =IF($J27="","",IFERROR(INDEX(B!$J$2:$J$61,MATCH($J27,B!$E$2:$E$61,0))&"","")) | S27: =IF($J27="","",IFERROR(INDEX(B!$K$2:$K$61,MATCH($J27,B!$E$2:$E$61,0))&"","")) | T27: =IF($J27="","",IFERROR(INDEX(B!$L$2:$L$61,MATCH($J27,B!$E$2:$E$61,0))&"","")) | V27: =IF($J27="","",IFERROR(INDEX(B!$M$2:$M$61,MATCH($J27,B!$E$2:$E$61,0))&"","")) | W27: =IF(I27="","",IFERROR(MID(I27,FIND("/d/",I27)+3,FIND("/edit",I27)-FIND("/d/",I27)-3),I27)) | X27: =IF($J27="","",IFERROR(INDEX(B!$C$2:$C$61,MATCH($J27,B!$E$2:$E$61,0))&"","")) | Z27: =IF($J27="",FALSE,ISNUMBER(SEARCH("scout",$K27))) | AA27: =IF($J27="",FALSE,IFERROR(INDEX(B!$N$2:$N$61,MATCH($J27,B!$E$2:$E$61,0))="Sim",FALSE)) | AB27: =IF($J27="",FALSE,LEFT($X27,2)="XX") | AC27: =IF($J27="",FALSE,IFERROR(INDEX(B!$P$2:$P$61,MATCH($J27,B!$E$2:$E$61,0))="Sim",FALSE)) | AE27: =IF(H27="","",HOUR(H27))
A28: =IF(G28="","",IF(G28=G27,"",COUNTIF($G$3:$G$976,G28))) | C28: =IF(G28="","",DAY(G28)) | D28: =IF(G28="","",MONTH(G28)) | E28: =IF(G28="","",YEAR(G28)) | F28: =IF(G28="","",CHOOSE(MONTH(G28),"Janeiro","Fevereiro","Março","Abril","Maio","Junho","Julho","Agosto","Setembro","Outubro","Novembro","Dezembro")) | G28: 46054 | H28: 0.11903935 | I28: https://docs.google.com/spreadsheets/d/1ZiCGoPjLCjuYvujDTXK9Ixbth3tekiLtFBzBrGjPCr4/edit?gid=0#gid=0 | J28: Taxa de Limpeza, Reembolsado ao cliente - [TXLR] | K28: Scout | L28: FALSE | N28: =IF($J28="","",IFERROR(INDEX(B!$F$2:$F$61,MATCH($J28,B!$E$2:$E$61,0))&"","")) | O28: =IF($J28="","",IFERROR(INDEX(B!$G$2:$G$61,MATCH($J28,B!$E$2:$E$61,0))&"","")) | P28: =IF($J28="","",IFERROR(INDEX(B!$H$2:$H$61,MATCH($J28,B!$E$2:$E$61,0))&"","")) | Q28: =IF($J28="","",IFERROR(INDEX(B!$I$2:$I$61,MATCH($J28,B!$E$2:$E$61,0))&"","")) | R28: =IF($J28="","",IFERROR(INDEX(B!$J$2:$J$61,MATCH($J28,B!$E$2:$E$61,0))&"","")) | S28: =IF($J28="","",IFERROR(INDEX(B!$K$2:$K$61,MATCH($J28,B!$E$2:$E$61,0))&"","")) | T28: =IF($J28="","",IFERROR(INDEX(B!$L$2:$L$61,MATCH($J28,B!$E$2:$E$61,0))&"","")) | V28: =IF($J28="","",IFERROR(INDEX(B!$M$2:$M$61,MATCH($J28,B!$E$2:$E$61,0))&"","")) | W28: =IF(I28="","",IFERROR(MID(I28,FIND("/d/",I28)+3,FIND("/edit",I28)-FIND("/d/",I28)-3),I28)) | X28: =IF($J28="","",IFERROR(INDEX(B!$C$2:$C$61,MATCH($J28,B!$E$2:$E$61,0))&"","")) | Z28: =IF($J28="",FALSE,ISNUMBER(SEARCH("scout",$K28))) | AA28: =IF($J28="",FALSE,IFERROR(INDEX(B!$N$2:$N$61,MATCH($J28,B!$E$2:$E$61,0))="Sim",FALSE)) | AB28: =IF($J28="",FALSE,LEFT($X28,2)="XX") | AC28: =IF($J28="",FALSE,IFERROR(INDEX(B!$P$2:$P$61,MATCH($J28,B!$E$2:$E$61,0))="Sim",FALSE)) | AE28: =IF(H28="","",HOUR(H28))
A29: =IF(G29="","",IF(G29=G28,"",COUNTIF($G$3:$G$976,G29))) | C29: =IF(G29="","",DAY(G29)) | D29: =IF(G29="","",MONTH(G29)) | E29: =IF(G29="","",YEAR(G29)) | F29: =IF(G29="","",CHOOSE(MONTH(G29),"Janeiro","Fevereiro","Março","Abril","Maio","Junho","Julho","Agosto","Setembro","Outubro","Novembro","Dezembro")) | G29: 46054 | H29: 0.1334838 | I29: https://docs.google.com/spreadsheets/d/1ZiCGoPjLCjuYvujDTXK9Ixbth3tekiLtFBzBrGjPCr4/edit?gid=0#gid=0 | J29: Comprovante de Pagamento - [CP] | L29: FALSE | N29: =IF($J29="","",IFERROR(INDEX(B!$F$2:$F$61,MATCH($J29,B!$E$2:$E$61,0))&"","")) | O29: =IF($J29="","",IFERROR(INDEX(B!$G$2:$G$61,MATCH($J29,B!$E$2:$E$61,0))&"","")) | P29: =IF($J29="","",IFERROR(INDEX(B!$H$2:$H$61,MATCH($J29,B!$E$2:$E$61,0))&"","")) | Q29: =IF($J29="","",IFERROR(INDEX(B!$I$2:$I$61,MATCH($J29,B!$E$2:$E$61,0))&"","")) | R29: =IF($J29="","",IFERROR(INDEX(B!$J$2:$J$61,MATCH($J29,B!$E$2:$E$61,0))&"","")) | S29: =IF($J29="","",IFERROR(INDEX(B!$K$2:$K$61,MATCH($J29,B!$E$2:$E$61,0))&"","")) | T29: =IF($J29="","",IFERROR(INDEX(B!$L$2:$L$61,MATCH($J29,B!$E$2:$E$61,0))&"","")) | V29: =IF($J29="","",IFERROR(INDEX(B!$M$2:$M$61,MATCH($J29,B!$E$2:$E$61,0))&"","")) | W29: =IF(I29="","",IFERROR(MID(I29,FIND("/d/",I29)+3,FIND("/edit",I29)-FIND("/d/",I29)-3),I29)) | X29: =IF($J29="","",IFERROR(INDEX(B!$C$2:$C$61,MATCH($J29,B!$E$2:$E$61,0))&"","")) | Z29: =IF($J29="",FALSE,ISNUMBER(SEARCH("scout",$K29))) | AA29: =IF($J29="",FALSE,IFERROR(INDEX(B!$N$2:$N$61,MATCH($J29,B!$E$2:$E$61,0))="Sim",FALSE)) | AB29: =IF($J29="",FALSE,LEFT($X29,2)="XX") | AC29: =IF($J29="",FALSE,IFERROR(INDEX(B!$P$2:$P$61,MATCH($J29,B!$E$2:$E$61,0))="Sim",FALSE)) | AE29: =IF(H29="","",HOUR(H29))
A30: =IF(G30="","",IF(G30=G29,"",COUNTIF($G$3:$G$976,G30))) | C30: =IF(G30="","",DAY(G30)) | D30: =IF(G30="","",MONTH(G30)) | E30: =IF(G30="","",YEAR(G30)) | F30: =IF(G30="","",CHOOSE(MONTH(G30),"Janeiro","Fevereiro","Março","Abril","Maio","Junho","Julho","Agosto","Setembro","Outubro","Novembro","Dezembro")) | G30: 46054 | H30: 0.13488426 | I30: https://docs.google.com/spreadsheets/d/1ZiCGoPjLCjuYvujDTXK9Ixbth3tekiLtFBzBrGjPCr4/edit?gid=0#gid=0 | J30: Transferência de LOB (Driver) - [TIDV] | L30: FALSE | N30: =IF($J30="","",IFERROR(INDEX(B!$F$2:$F$61,MATCH($J30,B!$E$2:$E$61,0))&"","")) | O30: =IF($J30="","",IFERROR(INDEX(B!$G$2:$G$61,MATCH($J30,B!$E$2:$E$61,0))&"","")) | P30: =IF($J30="","",IFERROR(INDEX(B!$H$2:$H$61,MATCH($J30,B!$E$2:$E$61,0))&"","")) | Q30: =IF($J30="","",IFERROR(INDEX(B!$I$2:$I$61,MATCH($J30,B!$E$2:$E$61,0))&"","")) | R30: =IF($J30="","",IFERROR(INDEX(B!$J$2:$J$61,MATCH($J30,B!$E$2:$E$61,0))&"","")) | S30: =IF($J30="","",IFERROR(INDEX(B!$K$2:$K$61,MATCH($J30,B!$E$2:$E$61,0))&"","")) | T30: =IF($J30="","",IFERROR(INDEX(B!$L$2:$L$61,MATCH($J30,B!$E$2:$E$61,0))&"","")) | V30: =IF($J30="","",IFERROR(INDEX(B!$M$2:$M$61,MATCH($J30,B!$E$2:$E$61,0))&"","")) | W30: =IF(I30="","",IFERROR(MID(I30,FIND("/d/",I30)+3,FIND("/edit",I30)-FIND("/d/",I30)-3),I30)) | X30: =IF($J30="","",IFERROR(INDEX(B!$C$2:$C$61,MATCH($J30,B!$E$2:$E$61,0))&"","")) | Z30: =IF($J30="",FALSE,ISNUMBER(SEARCH("scout",$K30))) | AA30: =IF($J30="",FALSE,IFERROR(INDEX(B!$N$2:$N$61,MATCH($J30,B!$E$2:$E$61,0))="Sim",FALSE)) | AB30: =IF($J30="",FALSE,LEFT($X30,2)="XX") | AC30: =IF($J30="",FALSE,IFERROR(INDEX(B!$P$2:$P$61,MATCH($J30,B!$E$2:$E$61,0))="Sim",FALSE)) | AE30: =IF(H30="","",HOUR(H30))
A31: =IF(G31="","",IF(G31=G30,"",COUNTIF($G$3:$G$976,G31))) | C31: =IF(G31="","",DAY(G31)) | D31: =IF(G31="","",MONTH(G31)) | E31: =IF(G31="","",YEAR(G31)) | F31: =IF(G31="","",CHOOSE(MONTH(G31),"Janeiro","Fevereiro","Março","Abril","Maio","Junho","Julho","Agosto","Setembro","Outubro","Novembro","Dezembro")) | G31: 46054 | H31: 0.13915509 | I31: https://docs.google.com/spreadsheets/d/1ZiCGoPjLCjuYvujDTXK9Ixbth3tekiLtFBzBrGjPCr4/edit?gid=0#gid=0 | J31: Transferência de LOB (Profissionalismo) - [TIPR] | K31: Scout | L31: FALSE | N31: =IF($J31="","",IFERROR(INDEX(B!$F$2:$F$61,MATCH($J31,B!$E$2:$E$61,0))&"","")) | O31: =IF($J31="","",IFERROR(INDEX(B!$G$2:$G$61,MATCH($J31,B!$E$2:$E$61,0))&"","")) | P31: =IF($J31="","",IFERROR(INDEX(B!$H$2:$H$61,MATCH($J31,B!$E$2:$E$61,0))&"","")) | Q31: =IF($J31="","",IFERROR(INDEX(B!$I$2:$I$61,MATCH($J31,B!$E$2:$E$61,0))&"","")) | R31: =IF($J31="","",IFERROR(INDEX(B!$J$2:$J$61,MATCH($J31,B!$E$2:$E$61,0))&"","")) | S31: =IF($J31="","",IFERROR(INDEX(B!$K$2:$K$61,MATCH($J31,B!$E$2:$E$61,0))&"","")) | T31: =IF($J31="","",IFERROR(INDEX(B!$L$2:$L$61,MATCH($J31,B!$E$2:$E$61,0))&"","")) | V31: =IF($J31="","",IFERROR(INDEX(B!$M$2:$M$61,MATCH($J31,B!$E$2:$E$61,0))&"","")) | W31: =IF(I31="","",IFERROR(MID(I31,FIND("/d/",I31)+3,FIND("/edit",I31)-FIND("/d/",I31)-3),I31)) | X31: =IF($J31="","",IFERROR(INDEX(B!$C$2:$C$61,MATCH($J31,B!$E$2:$E$61,0))&"","")) | Z31: =IF($J31="",FALSE,ISNUMBER(SEARCH("scout",$K31))) | AA31: =IF($J31="",FALSE,IFERROR(INDEX(B!$N$2:$N$61,MATCH($J31,B!$E$2:$E$61,0))="Sim",FALSE)) | AB31: =IF($J31="",FALSE,LEFT($X31,2)="XX") | AC31: =IF($J31="",FALSE,IFERROR(INDEX(B!$P$2:$P$61,MATCH($J31,B!$E$2:$E$61,0))="Sim",FALSE)) | AE31: =IF(H31="","",HOUR(H31))
A32: =IF(G32="","",IF(G32=G31,"",COUNTIF($G$3:$G$976,G32))) | C32: =IF(G32="","",DAY(G32)) | D32: =IF(G32="","",MONTH(G32)) | E32: =IF(G32="","",YEAR(G32)) | F32: =IF(G32="","",CHOOSE(MONTH(G32),"Janeiro","Fevereiro","Março","Abril","Maio","Junho","Julho","Agosto","Setembro","Outubro","Novembro","Dezembro")) | G32: 46054 | H32: 0.14538194 | I32: https://docs.google.com/spreadsheets/d/1ZiCGoPjLCjuYvujDTXK9Ixbth3tekiLtFBzBrGjPCr4/edit?gid=0#gid=0 | J32: Transferência de LOB (Safety) - [TIST] | L32: FALSE | N32: =IF($J32="","",IFERROR(INDEX(B!$F$2:$F$61,MATCH($J32,B!$E$2:$E$61,0))&"","")) | O32: =IF($J32="","",IFERROR(INDEX(B!$G$2:$G$61,MATCH($J32,B!$E$2:$E$61,0))&"","")) | P32: =IF($J32="","",IFERROR(INDEX(B!$H$2:$H$61,MATCH($J32,B!$E$2:$E$61,0))&"","")) | Q32: =IF($J32="","",IFERROR(INDEX(B!$I$2:$I$61,MATCH($J32,B!$E$2:$E$61,0))&"","")) | R32: =IF($J32="","",IFERROR(INDEX(B!$J$2:$J$61,MATCH($J32,B!$E$2:$E$61,0))&"","")) | S32: =IF($J32="","",IFERROR(INDEX(B!$K$2:$K$61,MATCH($J32,B!$E$2:$E$61,0))&"","")) | T32: =IF($J32="","",IFERROR(INDEX(B!$L$2:$L$61,MATCH($J32,B!$E$2:$E$61,0))&"","")) | V32: =IF($J32="","",IFERROR(INDEX(B!$M$2:$M$61,MATCH($J32,B!$E$2:$E$61,0))&"","")) | W32: =IF(I32="","",IFERROR(MID(I32,FIND("/d/",I32)+3,FIND("/edit",I32)-FIND("/d/",I32)-3),I32)) | X32: =IF($J32="","",IFERROR(INDEX(B!$C$2:$C$61,MATCH($J32,B!$E$2:$E$61,0))&"","")) | Z32: =IF($J32="",FALSE,ISNUMBER(SEARCH("scout",$K32))) | AA32: =IF($J32="",FALSE,IFERROR(INDEX(B!$N$2:$N$61,MATCH($J32,B!$E$2:$E$61,0))="Sim",FALSE)) | AB32: =IF($J32="",FALSE,LEFT($X32,2)="XX") | AC32: =IF($J32="",FALSE,IFERROR(INDEX(B!$P$2:$P$61,MATCH($J32,B!$E$2:$E$61,0))="Sim",FALSE)) | AE32: =IF(H32="","",HOUR(H32))
A33: =IF(G33="","",IF(G33=G32,"",COUNTIF($G$3:$G$976,G33))) | C33: =IF(G33="","",DAY(G33)) | D33: =IF(G33="","",MONTH(G33)) | E33: =IF(G33="","",YEAR(G33)) | F33: =IF(G33="","",CHOOSE(MONTH(G33),"Janeiro","Fevereiro","Março","Abril","Maio","Junho","Julho","Agosto","Setembro","Outubro","Novembro","Dezembro")) | G33: 46054 | H33: 0.14726852 | I33: https://docs.google.com/spreadsheets/d/1ZiCGoPjLCjuYvujDTXK9Ixbth3tekiLtFBzBrGjPCr4/edit?gid=0#gid=0 | J33: Overpaid, Excede o limite, Sem comprovante - [OPEN] | K33: Scout | L33: FALSE | N33: =IF($J33="","",IFERROR(INDEX(B!$F$2:$F$61,MATCH($J33,B!$E$2:$E$61,0))&"","")) | O33: =IF($J33="","",IFERROR(INDEX(B!$G$2:$G$61,MATCH($J33,B!$E$2:$E$61,0))&"","")) | P33: =IF($J33="","",IFERROR(INDEX(B!$H$2:$H$61,MATCH($J33,B!$E$2:$E$61,0))&"","")) | Q33: =IF($J33="","",IFERROR(INDEX(B!$I$2:$I$61,MATCH($J33,B!$E$2:$E$61,0))&"","")) | R33: =IF($J33="","",IFERROR(INDEX(B!$J$2:$J$61,MATCH($J33,B!$E$2:$E$61,0))&"","")) | S33: =IF($J33="","",IFERROR(INDEX(B!$K$2:$K$61,MATCH($J33,B!$E$2:$E$61,0))&"","")) | T33: =IF($J33="","",IFERROR(INDEX(B!$L$2:$L$61,MATCH($J33,B!$E$2:$E$61,0))&"","")) | V33: =IF($J33="","",IFERROR(INDEX(B!$M$2:$M$61,MATCH($J33,B!$E$2:$E$61,0))&"","")) | W33: =IF(I33="","",IFERROR(MID(I33,FIND("/d/",I33)+3,FIND("/edit",I33)-FIND("/d/",I33)-3),I33)) | X33: =IF($J33="","",IFERROR(INDEX(B!$C$2:$C$61,MATCH($J33,B!$E$2:$E$61,0))&"","")) | Z33: =IF($J33="",FALSE,ISNUMBER(SEARCH("scout",$K33))) | AA33: =IF($J33="",FALSE,IFERROR(INDEX(B!$N$2:$N$61,MATCH($J33,B!$E$2:$E$61,0))="Sim",FALSE)) | AB33: =IF($J33="",FALSE,LEFT($X33,2)="XX") | AC33: =IF($J33="",FALSE,IFERROR(INDEX(B!$P$2:$P$61,MATCH($J33,B!$E$2:$E$61,0))="Sim",FALSE)) | AE33: =IF(H33="","",HOUR(H33))
A34: =IF(G34="","",IF(G34=G33,"",COUNTIF($G$3:$G$976,G34))) | C34: =IF(G34="","",DAY(G34)) | D34: =IF(G34="","",MONTH(G34)) | E34: =IF(G34="","",YEAR(G34)) | F34: =IF(G34="","",CHOOSE(MONTH(G34),"Janeiro","Fevereiro","Março","Abril","Maio","Junho","Julho","Agosto","Setembro","Outubro","Novembro","Dezembro")) | G34: 46054 | H34: 0.1519213 | I34: https://docs.google.com/spreadsheets/d/1ZiCGoPjLCjuYvujDTXK9Ixbth3tekiLtFBzBrGjPCr4/edit?gid=0#gid=0 | J34: Comprovante de Pagamento - [CP] | K34: Scout | L34: FALSE | N34: =IF($J34="","",IFERROR(INDEX(B!$F$2:$F$61,MATCH($J34,B!$E$2:$E$61,0))&"","")) | O34: =IF($J34="","",IFERROR(INDEX(B!$G$2:$G$61,MATCH($J34,B!$E$2:$E$61,0))&"","")) | P34: =IF($J34="","",IFERROR(INDEX(B!$H$2:$H$61,MATCH($J34,B!$E$2:$E$61,0))&"","")) | Q34: =IF($J34="","",IFERROR(INDEX(B!$I$2:$I$61,MATCH($J34,B!$E$2:$E$61,0))&"","")) | R34: =IF($J34="","",IFERROR(INDEX(B!$J$2:$J$61,MATCH($J34,B!$E$2:$E$61,0))&"","")) | S34: =IF($J34="","",IFERROR(INDEX(B!$K$2:$K$61,MATCH($J34,B!$E$2:$E$61,0))&"","")) | T34: =IF($J34="","",IFERROR(INDEX(B!$L$2:$L$61,MATCH($J34,B!$E$2:$E$61,0))&"","")) | V34: =IF($J34="","",IFERROR(INDEX(B!$M$2:$M$61,MATCH($J34,B!$E$2:$E$61,0))&"","")) | W34: =IF(I34="","",IFERROR(MID(I34,FIND("/d/",I34)+3,FIND("/edit",I34)-FIND("/d/",I34)-3),I34)) | X34: =IF($J34="","",IFERROR(INDEX(B!$C$2:$C$61,MATCH($J34,B!$E$2:$E$61,0))&"","")) | Z34: =IF($J34="",FALSE,ISNUMBER(SEARCH("scout",$K34))) | AA34: =IF($J34="",FALSE,IFERROR(INDEX(B!$N$2:$N$61,MATCH($J34,B!$E$2:$E$61,0))="Sim",FALSE)) | AB34: =IF($J34="",FALSE,LEFT($X34,2)="XX") | AC34: =IF($J34="",FALSE,IFERROR(INDEX(B!$P$2:$P$61,MATCH($J34,B!$E$2:$E$61,0))="Sim",FALSE)) | AE34: =IF(H34="","",HOUR(H34))
A35: =IF(G35="","",IF(G35=G34,"",COUNTIF($G$3:$G$976,G35))) | C35: =IF(G35="","",DAY(G35)) | D35: =IF(G35="","",MONTH(G35)) | E35: =IF(G35="","",YEAR(G35)) | F35: =IF(G35="","",CHOOSE(MONTH(G35),"Janeiro","Fevereiro","Março","Abril","Maio","Junho","Julho","Agosto","Setembro","Outubro","Novembro","Dezembro")) | G35: 46054 | H35: 0.15673611 | I35: https://docs.google.com/spreadsheets/d/1ZiCGoPjLCjuYvujDTXK9Ixbth3tekiLtFBzBrGjPCr4/edit?gid=0#gid=0 | J35: Pushback (Agradecimento) - [XXA] | L35: FALSE | N35: =IF($J35="","",IFERROR(INDEX(B!$F$2:$F$61,MATCH($J35,B!$E$2:$E$61,0))&"","")) | O35: =IF($J35="","",IFERROR(INDEX(B!$G$2:$G$61,MATCH($J35,B!$E$2:$E$61,0))&"","")) | P35: =IF($J35="","",IFERROR(INDEX(B!$H$2:$H$61,MATCH($J35,B!$E$2:$E$61,0))&"","")) | Q35: =IF($J35="","",IFERROR(INDEX(B!$I$2:$I$61,MATCH($J35,B!$E$2:$E$61,0))&"","")) | R35: =IF($J35="","",IFERROR(INDEX(B!$J$2:$J$61,MATCH($J35,B!$E$2:$E$61,0))&"","")) | S35: =IF($J35="","",IFERROR(INDEX(B!$K$2:$K$61,MATCH($J35,B!$E$2:$E$61,0))&"","")) | T35: =IF($J35="","",IFERROR(INDEX(B!$L$2:$L$61,MATCH($J35,B!$E$2:$E$61,0))&"","")) | V35: =IF($J35="","",IFERROR(INDEX(B!$M$2:$M$61,MATCH($J35,B!$E$2:$E$61,0))&"","")) | W35: =IF(I35="","",IFERROR(MID(I35,FIND("/d/",I35)+3,FIND("/edit",I35)-FIND("/d/",I35)-3),I35)) | X35: =IF($J35="","",IFERROR(INDEX(B!$C$2:$C$61,MATCH($J35,B!$E$2:$E$61,0))&"","")) | Z35: =IF($J35="",FALSE,ISNUMBER(SEARCH("scout",$K35))) | AA35: =IF($J35="",FALSE,IFERROR(INDEX(B!$N$2:$N$61,MATCH($J35,B!$E$2:$E$61,0))="Sim",FALSE)) | AB35: =IF($J35="",FALSE,LEFT($X35,2)="XX") | AC35: =IF($J35="",FALSE,IFERROR(INDEX(B!$P$2:$P$61,MATCH($J35,B!$E$2:$E$61,0))="Sim",FALSE)) | AE35: =IF(H35="","",HOUR(H35))
A36: =IF(G36="","",IF(G36=G35,"",COUNTIF($G$3:$G$976,G36))) | C36: =IF(G36="","",DAY(G36)) | D36: =IF(G36="","",MONTH(G36)) | E36: =IF(G36="","",YEAR(G36)) | F36: =IF(G36="","",CHOOSE(MONTH(G36),"Janeiro","Fevereiro","Março","Abril","Maio","Junho","Julho","Agosto","Setembro","Outubro","Novembro","Dezembro")) | G36: 46054 | H36: 0.15689815 | I36: https://docs.google.com/spreadsheets/d/1ZiCGoPjLCjuYvujDTXK9Ixbth3tekiLtFBzBrGjPCr4/edit?gid=0#gid=0 | J36: Mais informações Gerais - [AA] | K36: Scout | L36: FALSE | N36: =IF($J36="","",IFERROR(INDEX(B!$F$2:$F$61,MATCH($J36,B!$E$2:$E$61,0))&"","")) | O36: =IF($J36="","",IFERROR(INDEX(B!$G$2:$G$61,MATCH($J36,B!$E$2:$E$61,0))&"","")) | P36: =IF($J36="","",IFERROR(INDEX(B!$H$2:$H$61,MATCH($J36,B!$E$2:$E$61,0))&"","")) | Q36: =IF($J36="","",IFERROR(INDEX(B!$I$2:$I$61,MATCH($J36,B!$E$2:$E$61,0))&"","")) | R36: =IF($J36="","",IFERROR(INDEX(B!$J$2:$J$61,MATCH($J36,B!$E$2:$E$61,0))&"","")) | S36: =IF($J36="","",IFERROR(INDEX(B!$K$2:$K$61,MATCH($J36,B!$E$2:$E$61,0))&"","")) | T36: =IF($J36="","",IFERROR(INDEX(B!$L$2:$L$61,MATCH($J36,B!$E$2:$E$61,0))&"","")) | V36: =IF($J36="","",IFERROR(INDEX(B!$M$2:$M$61,MATCH($J36,B!$E$2:$E$61,0))&"","")) | W36: =IF(I36="","",IFERROR(MID(I36,FIND("/d/",I36)+3,FIND("/edit",I36)-FIND("/d/",I36)-3),I36)) | X36: =IF($J36="","",IFERROR(INDEX(B!$C$2:$C$61,MATCH($J36,B!$E$2:$E$61,0))&"","")) | Z36: =IF($J36="",FALSE,ISNUMBER(SEARCH("scout",$K36))) | AA36: =IF($J36="",FALSE,IFERROR(INDEX(B!$N$2:$N$61,MATCH($J36,B!$E$2:$E$61,0))="Sim",FALSE)) | AB36: =IF($J36="",FALSE,LEFT($X36,2)="XX") | AC36: =IF($J36="",FALSE,IFERROR(INDEX(B!$P$2:$P$61,MATCH($J36,B!$E$2:$E$61,0))="Sim",FALSE)) | AE36: =IF(H36="","",HOUR(H36))
A37: =IF(G37="","",IF(G37=G36,"",COUNTIF($G$3:$G$976,G37))) | C37: =IF(G37="","",DAY(G37)) | D37: =IF(G37="","",MONTH(G37)) | E37: =IF(G37="","",YEAR(G37)) | F37: =IF(G37="","",CHOOSE(MONTH(G37),"Janeiro","Fevereiro","Março","Abril","Maio","Junho","Julho","Agosto","Setembro","Outubro","Novembro","Dezembro")) | G37: 46054 | H37: 0.16673611 | I37: https://docs.google.com/spreadsheets/d/1ZiCGoPjLCjuYvujDTXK9Ixbth3tekiLtFBzBrGjPCr4/edit?gid=0#gid=0 | J37: Transferência de LOB (Lost Items) - [TILI] | L37: FALSE | N37: =IF($J37="","",IFERROR(INDEX(B!$F$2:$F$61,MATCH($J37,B!$E$2:$E$61,0))&"","")) | O37: =IF($J37="","",IFERROR(INDEX(B!$G$2:$G$61,MATCH($J37,B!$E$2:$E$61,0))&"","")) | P37: =IF($J37="","",IFERROR(INDEX(B!$H$2:$H$61,MATCH($J37,B!$E$2:$E$61,0))&"","")) | Q37: =IF($J37="","",IFERROR(INDEX(B!$I$2:$I$61,MATCH($J37,B!$E$2:$E$61,0))&"","")) | R37: =IF($J37="","",IFERROR(INDEX(B!$J$2:$J$61,MATCH($J37,B!$E$2:$E$61,0))&"","")) | S37: =IF($J37="","",IFERROR(INDEX(B!$K$2:$K$61,MATCH($J37,B!$E$2:$E$61,0))&"","")) | T37: =IF($J37="","",IFERROR(INDEX(B!$L$2:$L$61,MATCH($J37,B!$E$2:$E$61,0))&"","")) | V37: =IF($J37="","",IFERROR(INDEX(B!$M$2:$M$61,MATCH($J37,B!$E$2:$E$61,0))&"","")) | W37: =IF(I37="","",IFERROR(MID(I37,FIND("/d/",I37)+3,FIND("/edit",I37)-FIND("/d/",I37)-3),I37)) | X37: =IF($J37="","",IFERROR(INDEX(B!$C$2:$C$61,MATCH($J37,B!$E$2:$E$61,0))&"","")) | Z37: =IF($J37="",FALSE,ISNUMBER(SEARCH("scout",$K37))) | AA37: =IF($J37="",FALSE,IFERROR(INDEX(B!$N$2:$N$61,MATCH($J37,B!$E$2:$E$61,0))="Sim",FALSE)) | AB37: =IF($J37="",FALSE,LEFT($X37,2)="XX") | AC37: =IF($J37="",FALSE,IFERROR(INDEX(B!$P$2:$P$61,MATCH($J37,B!$E$2:$E$61,0))="Sim",FALSE)) | AE37: =IF(H37="","",HOUR(H37))
A38: =IF(G38="","",IF(G38=G37,"",COUNTIF($G$3:$G$976,G38))) | C38: =IF(G38="","",DAY(G38)) | D38: =IF(G38="","",MONTH(G38)) | E38: =IF(G38="","",YEAR(G38)) | F38: =IF(G38="","",CHOOSE(MONTH(G38),"Janeiro","Fevereiro","Março","Abril","Maio","Junho","Julho","Agosto","Setembro","Outubro","Novembro","Dezembro")) | G38: 46054 | H38: 0.16768519 | I38: https://docs.google.com/spreadsheets/d/1ZiCGoPjLCjuYvujDTXK9Ixbth3tekiLtFBzBrGjPCr4/edit?gid=0#gid=0 | J38: Erro de Gps (Problema Técnico) - [GPS] | L38: FALSE | N38: =IF($J38="","",IFERROR(INDEX(B!$F$2:$F$61,MATCH($J38,B!$E$2:$E$61,0))&"","")) | O38: =IF($J38="","",IFERROR(INDEX(B!$G$2:$G$61,MATCH($J38,B!$E$2:$E$61,0))&"","")) | P38: =IF($J38="","",IFERROR(INDEX(B!$H$2:$H$61,MATCH($J38,B!$E$2:$E$61,0))&"","")) | Q38: =IF($J38="","",IFERROR(INDEX(B!$I$2:$I$61,MATCH($J38,B!$E$2:$E$61,0))&"","")) | R38: =IF($J38="","",IFERROR(INDEX(B!$J$2:$J$61,MATCH($J38,B!$E$2:$E$61,0))&"","")) | S38: =IF($J38="","",IFERROR(INDEX(B!$K$2:$K$61,MATCH($J38,B!$E$2:$E$61,0))&"","")) | T38: =IF($J38="","",IFERROR(INDEX(B!$L$2:$L$61,MATCH($J38,B!$E$2:$E$61,0))&"","")) | V38: =IF($J38="","",IFERROR(INDEX(B!$M$2:$M$61,MATCH($J38,B!$E$2:$E$61,0))&"","")) | W38: =IF(I38="","",IFERROR(MID(I38,FIND("/d/",I38)+3,FIND("/edit",I38)-FIND("/d/",I38)-3),I38)) | X38: =IF($J38="","",IFERROR(INDEX(B!$C$2:$C$61,MATCH($J38,B!$E$2:$E$61,0))&"","")) | Z38: =IF($J38="",FALSE,ISNUMBER(SEARCH("scout",$K38))) | AA38: =IF($J38="",FALSE,IFERROR(INDEX(B!$N$2:$N$61,MATCH($J38,B!$E$2:$E$61,0))="Sim",FALSE)) | AB38: =IF($J38="",FALSE,LEFT($X38,2)="XX") | AC38: =IF($J38="",FALSE,IFERROR(INDEX(B!$P$2:$P$61,MATCH($J38,B!$E$2:$E$61,0))="Sim",FALSE)) | AE38: =IF(H38="","",HOUR(H38))
A39: =IF(G39="","",IF(G39=G38,"",COUNTIF($G$3:$G$976,G39))) | C39: =IF(G39="","",DAY(G39)) | D39: =IF(G39="","",MONTH(G39)) | E39: =IF(G39="","",YEAR(G39)) | F39: =IF(G39="","",CHOOSE(MONTH(G39),"Janeiro","Fevereiro","Março","Abril","Maio","Junho","Julho","Agosto","Setembro","Outubro","Novembro","Dezembro")) | G39: 46054 | H39: 0.1790625 | I39: https://docs.google.com/spreadsheets/d/1ZiCGoPjLCjuYvujDTXK9Ixbth3tekiLtFBzBrGjPCr4/edit?gid=0#gid=0 | J39: Mais informações Gerais - [AA] | L39: FALSE | N39: =IF($J39="","",IFERROR(INDEX(B!$F$2:$F$61,MATCH($J39,B!$E$2:$E$61,0))&"","")) | O39: =IF($J39="","",IFERROR(INDEX(B!$G$2:$G$61,MATCH($J39,B!$E$2:$E$61,0))&"","")) | P39: =IF($J39="","",IFERROR(INDEX(B!$H$2:$H$61,MATCH($J39,B!$E$2:$E$61,0))&"","")) | Q39: =IF($J39="","",IFERROR(INDEX(B!$I$2:$I$61,MATCH($J39,B!$E$2:$E$61,0))&"","")) | R39: =IF($J39="","",IFERROR(INDEX(B!$J$2:$J$61,MATCH($J39,B!$E$2:$E$61,0))&"","")) | S39: =IF($J39="","",IFERROR(INDEX(B!$K$2:$K$61,MATCH($J39,B!$E$2:$E$61,0))&"","")) | T39: =IF($J39="","",IFERROR(INDEX(B!$L$2:$L$61,MATCH($J39,B!$E$2:$E$61,0))&"","")) | V39: =IF($J39="","",IFERROR(INDEX(B!$M$2:$M$61,MATCH($J39,B!$E$2:$E$61,0))&"","")) | W39: =IF(I39="","",IFERROR(MID(I39,FIND("/d/",I39)+3,FIND("/edit",I39)-FIND("/d/",I39)-3),I39)) | X39: =IF($J39="","",IFERROR(INDEX(B!$C$2:$C$61,MATCH($J39,B!$E$2:$E$61,0))&"","")) | Z39: =IF($J39="",FALSE,ISNUMBER(SEARCH("scout",$K39))) | AA39: =IF($J39="",FALSE,IFERROR(INDEX(B!$N$2:$N$61,MATCH($J39,B!$E$2:$E$61,0))="Sim",FALSE)) | AB39: =IF($J39="",FALSE,LEFT($X39,2)="XX") | AC39: =IF($J39="",FALSE,IFERROR(INDEX(B!$P$2:$P$61,MATCH($J39,B!$E$2:$E$61,0))="Sim",FALSE)) | AE39: =IF(H39="","",HOUR(H39))
A40: =IF(G40="","",IF(G40=G39,"",COUNTIF($G$3:$G$976,G40))) | C40: =IF(G40="","",DAY(G40)) | D40: =IF(G40="","",MONTH(G40)) | E40: =IF(G40="","",YEAR(G40)) | F40: =IF(G40="","",CHOOSE(MONTH(G40),"Janeiro","Fevereiro","Março","Abril","Maio","Junho","Julho","Agosto","Setembro","Outubro","Novembro","Dezembro")) | G40: 46054 | H40: 0.18581019 | I40: https://docs.google.com/spreadsheets/d/1ZiCGoPjLCjuYvujDTXK9Ixbth3tekiLtFBzBrGjPCr4/edit?gid=0#gid=0 | J40: Comprovante de Pagamento - [CP] | L40: FALSE | N40: =IF($J40="","",IFERROR(INDEX(B!$F$2:$F$61,MATCH($J40,B!$E$2:$E$61,0))&"","")) | O40: =IF($J40="","",IFERROR(INDEX(B!$G$2:$G$61,MATCH($J40,B!$E$2:$E$61,0))&"","")) | P40: =IF($J40="","",IFERROR(INDEX(B!$H$2:$H$61,MATCH($J40,B!$E$2:$E$61,0))&"","")) | Q40: =IF($J40="","",IFERROR(INDEX(B!$I$2:$I$61,MATCH($J40,B!$E$2:$E$61,0))&"","")) | R40: =IF($J40="","",IFERROR(INDEX(B!$J$2:$J$61,MATCH($J40,B!$E$2:$E$61,0))&"","")) | S40: =IF($J40="","",IFERROR(INDEX(B!$K$2:$K$61,MATCH($J40,B!$E$2:$E$61,0))&"","")) | T40: =IF($J40="","",IFERROR(INDEX(B!$L$2:$L$61,MATCH($J40,B!$E$2:$E$61,0))&"","")) | V40: =IF($J40="","",IFERROR(INDEX(B!$M$2:$M$61,MATCH($J40,B!$E$2:$E$61,0))&"","")) | W40: =IF(I40="","",IFERROR(MID(I40,FIND("/d/",I40)+3,FIND("/edit",I40)-FIND("/d/",I40)-3),I40)) | X40: =IF($J40="","",IFERROR(INDEX(B!$C$2:$C$61,MATCH($J40,B!$E$2:$E$61,0))&"","")) | Z40: =IF($J40="",FALSE,ISNUMBER(SEARCH("scout",$K40))) | AA40: =IF($J40="",FALSE,IFERROR(INDEX(B!$N$2:$N$61,MATCH($J40,B!$E$2:$E$61,0))="Sim",FALSE)) | AB40: =IF($J40="",FALSE,LEFT($X40,2)="XX") | AC40: =IF($J40="",FALSE,IFERROR(INDEX(B!$P$2:$P$61,MATCH($J40,B!$E$2:$E$61,0))="Sim",FALSE)) | AE40: =IF(H40="","",HOUR(H40))
A41: =IF(G41="","",IF(G41=G40,"",COUNTIF($G$3:$G$976,G41))) | C41: =IF(G41="","",DAY(G41)) | D41: =IF(G41="","",MONTH(G41)) | E41: =IF(G41="","",YEAR(G41)) | F41: =IF(G41="","",CHOOSE(MONTH(G41),"Janeiro","Fevereiro","Março","Abril","Maio","Junho","Julho","Agosto","Setembro","Outubro","Novembro","Dezembro")) | G41: 46054 | H41: 0.18606481 | I41: https://docs.google.com/spreadsheets/d/1ZiCGoPjLCjuYvujDTXK9Ixbth3tekiLtFBzBrGjPCr4/edit?gid=0#gid=0 | J41: Transferência de LOB (Profissionalismo) - [TIPR] | L41: FALSE | N41: =IF($J41="","",IFERROR(INDEX(B!$F$2:$F$61,MATCH($J41,B!$E$2:$E$61,0))&"","")) | O41: =IF($J41="","",IFERROR(INDEX(B!$G$2:$G$61,MATCH($J41,B!$E$2:$E$61,0))&"","")) | P41: =IF($J41="","",IFERROR(INDEX(B!$H$2:$H$61,MATCH($J41,B!$E$2:$E$61,0))&"","")) | Q41: =IF($J41="","",IFERROR(INDEX(B!$I$2:$I$61,MATCH($J41,B!$E$2:$E$61,0))&"","")) | R41: =IF($J41="","",IFERROR(INDEX(B!$J$2:$J$61,MATCH($J41,B!$E$2:$E$61,0))&"","")) | S41: =IF($J41="","",IFERROR(INDEX(B!$K$2:$K$61,MATCH($J41,B!$E$2:$E$61,0))&"","")) | T41: =IF($J41="","",IFERROR(INDEX(B!$L$2:$L$61,MATCH($J41,B!$E$2:$E$61,0))&"","")) | V41: =IF($J41="","",IFERROR(INDEX(B!$M$2:$M$61,MATCH($J41,B!$E$2:$E$61,0))&"","")) | W41: =IF(I41="","",IFERROR(MID(I41,FIND("/d/",I41)+3,FIND("/edit",I41)-FIND("/d/",I41)-3),I41)) | X41: =IF($J41="","",IFERROR(INDEX(B!$C$2:$C$61,MATCH($J41,B!$E$2:$E$61,0))&"","")) | Z41: =IF($J41="",FALSE,ISNUMBER(SEARCH("scout",$K41))) | AA41: =IF($J41="",FALSE,IFERROR(INDEX(B!$N$2:$N$61,MATCH($J41,B!$E$2:$E$61,0))="Sim",FALSE)) | AB41: =IF($J41="",FALSE,LEFT($X41,2)="XX") | AC41: =IF($J41="",FALSE,IFERROR(INDEX(B!$P$2:$P$61,MATCH($J41,B!$E$2:$E$61,0))="Sim",FALSE)) | AE41: =IF(H41="","",HOUR(H41))
A42: =IF(G42="","",IF(G42=G41,"",COUNTIF($G$3:$G$976,G42))) | C42: =IF(G42="","",DAY(G42)) | D42: =IF(G42="","",MONTH(G42)) | E42: =IF(G42="","",YEAR(G42)) | F42: =IF(G42="","",CHOOSE(MONTH(G42),"Janeiro","Fevereiro","Março","Abril","Maio","Junho","Julho","Agosto","Setembro","Outubro","Novembro","Dezembro")) | G42: 46054 | H42: 0.18957176 | I42: https://docs.google.com/spreadsheets/d/1ZiCGoPjLCjuYvujDTXK9Ixbth3tekiLtFBzBrGjPCr4/edit?gid=0#gid=0 | J42: Taxa de Limpeza, Reembolsado ao cliente - [TXLR] | L42: FALSE | N42: =IF($J42="","",IFERROR(INDEX(B!$F$2:$F$61,MATCH($J42,B!$E$2:$E$61,0))&"","")) | O42: =IF($J42="","",IFERROR(INDEX(B!$G$2:$G$61,MATCH($J42,B!$E$2:$E$61,0))&"","")) | P42: =IF($J42="","",IFERROR(INDEX(B!$H$2:$H$61,MATCH($J42,B!$E$2:$E$61,0))&"","")) | Q42: =IF($J42="","",IFERROR(INDEX(B!$I$2:$I$61,MATCH($J42,B!$E$2:$E$61,0))&"","")) | R42: =IF($J42="","",IFERROR(INDEX(B!$J$2:$J$61,MATCH($J42,B!$E$2:$E$61,0))&"","")) | S42: =IF($J42="","",IFERROR(INDEX(B!$K$2:$K$61,MATCH($J42,B!$E$2:$E$61,0))&"","")) | T42: =IF($J42="","",IFERROR(INDEX(B!$L$2:$L$61,MATCH($J42,B!$E$2:$E$61,0))&"","")) | V42: =IF($J42="","",IFERROR(INDEX(B!$M$2:$M$61,MATCH($J42,B!$E$2:$E$61,0))&"","")) | W42: =IF(I42="","",IFERROR(MID(I42,FIND("/d/",I42)+3,FIND("/edit",I42)-FIND("/d/",I42)-3),I42)) | X42: =IF($J42="","",IFERROR(INDEX(B!$C$2:$C$61,MATCH($J42,B!$E$2:$E$61,0))&"","")) | Z42: =IF($J42="",FALSE,ISNUMBER(SEARCH("scout",$K42))) | AA42: =IF($J42="",FALSE,IFERROR(INDEX(B!$N$2:$N$61,MATCH($J42,B!$E$2:$E$61,0))="Sim",FALSE)) | AB42: =IF($J42="",FALSE,LEFT($X42,2)="XX") | AC42: =IF($J42="",FALSE,IFERROR(INDEX(B!$P$2:$P$61,MATCH($J42,B!$E$2:$E$61,0))="Sim",FALSE)) | AE42: =IF(H42="","",HOUR(H42))
A43: =IF(G43="","",IF(G43=G42,"",COUNTIF($G$3:$G$976,G43))) | C43: =IF(G43="","",DAY(G43)) | D43: =IF(G43="","",MONTH(G43)) | E43: =IF(G43="","",YEAR(G43)) | F43: =IF(G43="","",CHOOSE(MONTH(G43),"Janeiro","Fevereiro","Março","Abril","Maio","Junho","Julho","Agosto","Setembro","Outubro","Novembro","Dezembro")) | G43: 46054 | H43: 0.19107639 | I43: https://docs.google.com/spreadsheets/d/1ZiCGoPjLCjuYvujDTXK9Ixbth3tekiLtFBzBrGjPCr4/edit?gid=0#gid=0 | J43: Overpaid, Não excede o limite, Sem comprovante - [OPNN] | L43: FALSE | N43: =IF($J43="","",IFERROR(INDEX(B!$F$2:$F$61,MATCH($J43,B!$E$2:$E$61,0))&"","")) | O43: =IF($J43="","",IFERROR(INDEX(B!$G$2:$G$61,MATCH($J43,B!$E$2:$E$61,0))&"","")) | P43: =IF($J43="","",IFERROR(INDEX(B!$H$2:$H$61,MATCH($J43,B!$E$2:$E$61,0))&"","")) | Q43: =IF($J43="","",IFERROR(INDEX(B!$I$2:$I$61,MATCH($J43,B!$E$2:$E$61,0))&"","")) | R43: =IF($J43="","",IFERROR(INDEX(B!$J$2:$J$61,MATCH($J43,B!$E$2:$E$61,0))&"","")) | S43: =IF($J43="","",IFERROR(INDEX(B!$K$2:$K$61,MATCH($J43,B!$E$2:$E$61,0))&"","")) | T43: =IF($J43="","",IFERROR(INDEX(B!$L$2:$L$61,MATCH($J43,B!$E$2:$E$61,0))&"","")) | V43: =IF($J43="","",IFERROR(INDEX(B!$M$2:$M$61,MATCH($J43,B!$E$2:$E$61,0))&"","")) | W43: =IF(I43="","",IFERROR(MID(I43,FIND("/d/",I43)+3,FIND("/edit",I43)-FIND("/d/",I43)-3),I43)) | X43: =IF($J43="","",IFERROR(INDEX(B!$C$2:$C$61,MATCH($J43,B!$E$2:$E$61,0))&"","")) | Z43: =IF($J43="",FALSE,ISNUMBER(SEARCH("scout",$K43))) | AA43: =IF($J43="",FALSE,IFERROR(INDEX(B!$N$2:$N$61,MATCH($J43,B!$E$2:$E$61,0))="Sim",FALSE)) | AB43: =IF($J43="",FALSE,LEFT($X43,2)="XX") | AC43: =IF($J43="",FALSE,IFERROR(INDEX(B!$P$2:$P$61,MATCH($J43,B!$E$2:$E$61,0))="Sim",FALSE)) | AE43: =IF(H43="","",HOUR(H43))
A44: =IF(G44="","",IF(G44=G43,"",COUNTIF($G$3:$G$976,G44))) | C44: =IF(G44="","",DAY(G44)) | D44: =IF(G44="","",MONTH(G44)) | E44: =IF(G44="","",YEAR(G44)) | F44: =IF(G44="","",CHOOSE(MONTH(G44),"Janeiro","Fevereiro","Março","Abril","Maio","Junho","Julho","Agosto","Setembro","Outubro","Novembro","Dezembro")) | G44: 46054 | H44: 0.19118056 | I44: https://docs.google.com/spreadsheets/d/1ZiCGoPjLCjuYvujDTXK9Ixbth3tekiLtFBzBrGjPCr4/edit?gid=0#gid=0 | J44: Taxa de Limpeza, Reembolsado ao cliente - [TXLR] | L44: FALSE | N44: =IF($J44="","",IFERROR(INDEX(B!$F$2:$F$61,MATCH($J44,B!$E$2:$E$61,0))&"","")) | O44: =IF($J44="","",IFERROR(INDEX(B!$G$2:$G$61,MATCH($J44,B!$E$2:$E$61,0))&"","")) | P44: =IF($J44="","",IFERROR(INDEX(B!$H$2:$H$61,MATCH($J44,B!$E$2:$E$61,0))&"","")) | Q44: =IF($J44="","",IFERROR(INDEX(B!$I$2:$I$61,MATCH($J44,B!$E$2:$E$61,0))&"","")) | R44: =IF($J44="","",IFERROR(INDEX(B!$J$2:$J$61,MATCH($J44,B!$E$2:$E$61,0))&"","")) | S44: =IF($J44="","",IFERROR(INDEX(B!$K$2:$K$61,MATCH($J44,B!$E$2:$E$61,0))&"","")) | T44: =IF($J44="","",IFERROR(INDEX(B!$L$2:$L$61,MATCH($J44,B!$E$2:$E$61,0))&"","")) | V44: =IF($J44="","",IFERROR(INDEX(B!$M$2:$M$61,MATCH($J44,B!$E$2:$E$61,0))&"","")) | W44: =IF(I44="","",IFERROR(MID(I44,FIND("/d/",I44)+3,FIND("/edit",I44)-FIND("/d/",I44)-3),I44)) | X44: =IF($J44="","",IFERROR(INDEX(B!$C$2:$C$61,MATCH($J44,B!$E$2:$E$61,0))&"","")) | Z44: =IF($J44="",FALSE,ISNUMBER(SEARCH("scout",$K44))) | AA44: =IF($J44="",FALSE,IFERROR(INDEX(B!$N$2:$N$61,MATCH($J44,B!$E$2:$E$61,0))="Sim",FALSE)) | AB44: =IF($J44="",FALSE,LEFT($X44,2)="XX") | AC44: =IF($J44="",FALSE,IFERROR(INDEX(B!$P$2:$P$61,MATCH($J44,B!$E$2:$E$61,0))="Sim",FALSE)) | AE44: =IF(H44="","",HOUR(H44))
A45: =IF(G45="","",IF(G45=G44,"",COUNTIF($G$3:$G$976,G45))) | C45: =IF(G45="","",DAY(G45)) | D45: =IF(G45="","",MONTH(G45)) | E45: =IF(G45="","",YEAR(G45)) | F45: =IF(G45="","",CHOOSE(MONTH(G45),"Janeiro","Fevereiro","Março","Abril","Maio","Junho","Julho","Agosto","Setembro","Outubro","Novembro","Dezembro")) | G45: 46054 | H45: 0.19706019 | I45: https://docs.google.com/spreadsheets/d/1ZiCGoPjLCjuYvujDTXK9Ixbth3tekiLtFBzBrGjPCr4/edit?gid=0#gid=0 | J45: Transferência de LOB (Lost Items) - [TILI] | L45: FALSE | N45: =IF($J45="","",IFERROR(INDEX(B!$F$2:$F$61,MATCH($J45,B!$E$2:$E$61,0))&"","")) | O45: =IF($J45="","",IFERROR(INDEX(B!$G$2:$G$61,MATCH($J45,B!$E$2:$E$61,0))&"","")) | P45: =IF($J45="","",IFERROR(INDEX(B!$H$2:$H$61,MATCH($J45,B!$E$2:$E$61,0))&"","")) | Q45: =IF($J45="","",IFERROR(INDEX(B!$I$2:$I$61,MATCH($J45,B!$E$2:$E$61,0))&"","")) | R45: =IF($J45="","",IFERROR(INDEX(B!$J$2:$J$61,MATCH($J45,B!$E$2:$E$61,0))&"","")) | S45: =IF($J45="","",IFERROR(INDEX(B!$K$2:$K$61,MATCH($J45,B!$E$2:$E$61,0))&"","")) | T45: =IF($J45="","",IFERROR(INDEX(B!$L$2:$L$61,MATCH($J45,B!$E$2:$E$61,0))&"","")) | V45: =IF($J45="","",IFERROR(INDEX(B!$M$2:$M$61,MATCH($J45,B!$E$2:$E$61,0))&"","")) | W45: =IF(I45="","",IFERROR(MID(I45,FIND("/d/",I45)+3,FIND("/edit",I45)-FIND("/d/",I45)-3),I45)) | X45: =IF($J45="","",IFERROR(INDEX(B!$C$2:$C$61,MATCH($J45,B!$E$2:$E$61,0))&"","")) | Z45: =IF($J45="",FALSE,ISNUMBER(SEARCH("scout",$K45))) | AA45: =IF($J45="",FALSE,IFERROR(INDEX(B!$N$2:$N$61,MATCH($J45,B!$E$2:$E$61,0))="Sim",FALSE)) | AB45: =IF($J45="",FALSE,LEFT($X45,2)="XX") | AC45: =IF($J45="",FALSE,IFERROR(INDEX(B!$P$2:$P$61,MATCH($J45,B!$E$2:$E$61,0))="Sim",FALSE)) | AE45: =IF(H45="","",HOUR(H45))
A46: =IF(G46="","",IF(G46=G45,"",COUNTIF($G$3:$G$976,G46))) | C46: =IF(G46="","",DAY(G46)) | D46: =IF(G46="","",MONTH(G46)) | E46: =IF(G46="","",YEAR(G46)) | F46: =IF(G46="","",CHOOSE(MONTH(G46),"Janeiro","Fevereiro","Março","Abril","Maio","Junho","Julho","Agosto","Setembro","Outubro","Novembro","Dezembro")) | G46: 46054 | H46: 0.19787037 | I46: https://docs.google.com/spreadsheets/d/1ZiCGoPjLCjuYvujDTXK9Ixbth3tekiLtFBzBrGjPCr4/edit?gid=0#gid=0 | J46: Mais informações (Quanto Pagou?) - [AAV] | K46: Scout | L46: FALSE | N46: =IF($J46="","",IFERROR(INDEX(B!$F$2:$F$61,MATCH($J46,B!$E$2:$E$61,0))&"","")) | O46: =IF($J46="","",IFERROR(INDEX(B!$G$2:$G$61,MATCH($J46,B!$E$2:$E$61,0))&"","")) | P46: =IF($J46="","",IFERROR(INDEX(B!$H$2:$H$61,MATCH($J46,B!$E$2:$E$61,0))&"","")) | Q46: =IF($J46="","",IFERROR(INDEX(B!$I$2:$I$61,MATCH($J46,B!$E$2:$E$61,0))&"","")) | R46: =IF($J46="","",IFERROR(INDEX(B!$J$2:$J$61,MATCH($J46,B!$E$2:$E$61,0))&"","")) | S46: =IF($J46="","",IFERROR(INDEX(B!$K$2:$K$61,MATCH($J46,B!$E$2:$E$61,0))&"","")) | T46: =IF($J46="","",IFERROR(INDEX(B!$L$2:$L$61,MATCH($J46,B!$E$2:$E$61,0))&"","")) | V46: =IF($J46="","",IFERROR(INDEX(B!$M$2:$M$61,MATCH($J46,B!$E$2:$E$61,0))&"","")) | W46: =IF(I46="","",IFERROR(MID(I46,FIND("/d/",I46)+3,FIND("/edit",I46)-FIND("/d/",I46)-3),I46)) | X46: =IF($J46="","",IFERROR(INDEX(B!$C$2:$C$61,MATCH($J46,B!$E$2:$E$61,0))&"","")) | Z46: =IF($J46="",FALSE,ISNUMBER(SEARCH("scout",$K46))) | AA46: =IF($J46="",FALSE,IFERROR(INDEX(B!$N$2:$N$61,MATCH($J46,B!$E$2:$E$61,0))="Sim",FALSE)) | AB46: =IF($J46="",FALSE,LEFT($X46,2)="XX") | AC46: =IF($J46="",FALSE,IFERROR(INDEX(B!$P$2:$P$61,MATCH($J46,B!$E$2:$E$61,0))="Sim",FALSE)) | AE46: =IF(H46="","",HOUR(H46))
A47: =IF(G47="","",IF(G47=G46,"",COUNTIF($G$3:$G$976,G47))) | C47: =IF(G47="","",DAY(G47)) | D47: =IF(G47="","",MONTH(G47)) | E47: =IF(G47="","",YEAR(G47)) | F47: =IF(G47="","",CHOOSE(MONTH(G47),"Janeiro","Fevereiro","Março","Abril","Maio","Junho","Julho","Agosto","Setembro","Outubro","Novembro","Dezembro")) | G47: 46054 | H47: 0.20291667 | I47: https://docs.google.com/spreadsheets/d/1ZiCGoPjLCjuYvujDTXK9Ixbth3tekiLtFBzBrGjPCr4/edit?gid=0#gid=0 | J47: No Need Response (Não precisa de resposta) - [NRN] | L47: FALSE | N47: =IF($J47="","",IFERROR(INDEX(B!$F$2:$F$61,MATCH($J47,B!$E$2:$E$61,0))&"","")) | O47: =IF($J47="","",IFERROR(INDEX(B!$G$2:$G$61,MATCH($J47,B!$E$2:$E$61,0))&"","")) | P47: =IF($J47="","",IFERROR(INDEX(B!$H$2:$H$61,MATCH($J47,B!$E$2:$E$61,0))&"","")) | Q47: =IF($J47="","",IFERROR(INDEX(B!$I$2:$I$61,MATCH($J47,B!$E$2:$E$61,0))&"","")) | R47: =IF($J47="","",IFERROR(INDEX(B!$J$2:$J$61,MATCH($J47,B!$E$2:$E$61,0))&"","")) | S47: =IF($J47="","",IFERROR(INDEX(B!$K$2:$K$61,MATCH($J47,B!$E$2:$E$61,0))&"","")) | T47: =IF($J47="","",IFERROR(INDEX(B!$L$2:$L$61,MATCH($J47,B!$E$2:$E$61,0))&"","")) | V47: =IF($J47="","",IFERROR(INDEX(B!$M$2:$M$61,MATCH($J47,B!$E$2:$E$61,0))&"","")) | W47: =IF(I47="","",IFERROR(MID(I47,FIND("/d/",I47)+3,FIND("/edit",I47)-FIND("/d/",I47)-3),I47)) | X47: =IF($J47="","",IFERROR(INDEX(B!$C$2:$C$61,MATCH($J47,B!$E$2:$E$61,0))&"","")) | Z47: =IF($J47="",FALSE,ISNUMBER(SEARCH("scout",$K47))) | AA47: =IF($J47="",FALSE,IFERROR(INDEX(B!$N$2:$N$61,MATCH($J47,B!$E$2:$E$61,0))="Sim",FALSE)) | AB47: =IF($J47="",FALSE,LEFT($X47,2)="XX") | AC47: =IF($J47="",FALSE,IFERROR(INDEX(B!$P$2:$P$61,MATCH($J47,B!$E$2:$E$61,0))="Sim",FALSE)) | AE47: =IF(H47="","",HOUR(H47))
A48: =IF(G48="","",IF(G48=G47,"",COUNTIF($G$3:$G$976,G48))) | C48: =IF(G48="","",DAY(G48)) | D48: =IF(G48="","",MONTH(G48)) | E48: =IF(G48="","",YEAR(G48)) | F48: =IF(G48="","",CHOOSE(MONTH(G48),"Janeiro","Fevereiro","Março","Abril","Maio","Junho","Julho","Agosto","Setembro","Outubro","Novembro","Dezembro")) | G48: 46054 | H48: 0.20390046 | I48: https://docs.google.com/spreadsheets/d/1ZiCGoPjLCjuYvujDTXK9Ixbth3tekiLtFBzBrGjPCr4/edit?gid=0#gid=0 | J48: Comprovante de Pagamento - [CP] | L48: FALSE | N48: =IF($J48="","",IFERROR(INDEX(B!$F$2:$F$61,MATCH($J48,B!$E$2:$E$61,0))&"","")) | O48: =IF($J48="","",IFERROR(INDEX(B!$G$2:$G$61,MATCH($J48,B!$E$2:$E$61,0))&"","")) | P48: =IF($J48="","",IFERROR(INDEX(B!$H$2:$H$61,MATCH($J48,B!$E$2:$E$61,0))&"","")) | Q48: =IF($J48="","",IFERROR(INDEX(B!$I$2:$I$61,MATCH($J48,B!$E$2:$E$61,0))&"","")) | R48: =IF($J48="","",IFERROR(INDEX(B!$J$2:$J$61,MATCH($J48,B!$E$2:$E$61,0))&"","")) | S48: =IF($J48="","",IFERROR(INDEX(B!$K$2:$K$61,MATCH($J48,B!$E$2:$E$61,0))&"","")) | T48: =IF($J48="","",IFERROR(INDEX(B!$L$2:$L$61,MATCH($J48,B!$E$2:$E$61,0))&"","")) | V48: =IF($J48="","",IFERROR(INDEX(B!$M$2:$M$61,MATCH($J48,B!$E$2:$E$61,0))&"","")) | W48: =IF(I48="","",IFERROR(MID(I48,FIND("/d/",I48)+3,FIND("/edit",I48)-FIND("/d/",I48)-3),I48)) | X48: =IF($J48="","",IFERROR(INDEX(B!$C$2:$C$61,MATCH($J48,B!$E$2:$E$61,0))&"","")) | Z48: =IF($J48="",FALSE,ISNUMBER(SEARCH("scout",$K48))) | AA48: =IF($J48="",FALSE,IFERROR(INDEX(B!$N$2:$N$61,MATCH($J48,B!$E$2:$E$61,0))="Sim",FALSE)) | AB48: =IF($J48="",FALSE,LEFT($X48,2)="XX") | AC48: =IF($J48="",FALSE,IFERROR(INDEX(B!$P$2:$P$61,MATCH($J48,B!$E$2:$E$61,0))="Sim",FALSE)) | AE48: =IF(H48="","",HOUR(H48))
A49: =IF(G49="","",IF(G49=G48,"",COUNTIF($G$3:$G$976,G49))) | C49: =IF(G49="","",DAY(G49)) | D49: =IF(G49="","",MONTH(G49)) | E49: =IF(G49="","",YEAR(G49)) | F49: =IF(G49="","",CHOOSE(MONTH(G49),"Janeiro","Fevereiro","Março","Abril","Maio","Junho","Julho","Agosto","Setembro","Outubro","Novembro","Dezembro")) | G49: 46054 | H49: 0.20819444 | I49: https://docs.google.com/spreadsheets/d/1ZiCGoPjLCjuYvujDTXK9Ixbth3tekiLtFBzBrGjPCr4/edit?gid=0#gid=0 | J49: Overpaid, Excede o limite, Sem comprovante - [OPEN] | K49: Scout | L49: TRUE | N49: =IF($J49="","",IFERROR(INDEX(B!$F$2:$F$61,MATCH($J49,B!$E$2:$E$61,0))&"","")) | O49: =IF($J49="","",IFERROR(INDEX(B!$G$2:$G$61,MATCH($J49,B!$E$2:$E$61,0))&"","")) | P49: =IF($J49="","",IFERROR(INDEX(B!$H$2:$H$61,MATCH($J49,B!$E$2:$E$61,0))&"","")) | Q49: =IF($J49="","",IFERROR(INDEX(B!$I$2:$I$61,MATCH($J49,B!$E$2:$E$61,0))&"","")) | R49: =IF($J49="","",IFERROR(INDEX(B!$J$2:$J$61,MATCH($J49,B!$E$2:$E$61,0))&"","")) | S49: =IF($J49="","",IFERROR(INDEX(B!$K$2:$K$61,MATCH($J49,B!$E$2:$E$61,0))&"","")) | T49: =IF($J49="","",IFERROR(INDEX(B!$L$2:$L$61,MATCH($J49,B!$E$2:$E$61,0))&"","")) | V49: =IF($J49="","",IFERROR(INDEX(B!$M$2:$M$61,MATCH($J49,B!$E$2:$E$61,0))&"","")) | W49: =IF(I49="","",IFERROR(MID(I49,FIND("/d/",I49)+3,FIND("/edit",I49)-FIND("/d/",I49)-3),I49)) | X49: =IF($J49="","",IFERROR(INDEX(B!$C$2:$C$61,MATCH($J49,B!$E$2:$E$61,0))&"","")) | Z49: =IF($J49="",FALSE,ISNUMBER(SEARCH("scout",$K49))) | AA49: =IF($J49="",FALSE,IFERROR(INDEX(B!$N$2:$N$61,MATCH($J49,B!$E$2:$E$61,0))="Sim",FALSE)) | AB49: =IF($J49="",FALSE,LEFT($X49,2)="XX") | AC49: =IF($J49="",FALSE,IFERROR(INDEX(B!$P$2:$P$61,MATCH($J49,B!$E$2:$E$61,0))="Sim",FALSE)) | AE49: =IF(H49="","",HOUR(H49))
A50: =IF(G50="","",IF(G50=G49,"",COUNTIF($G$3:$G$976,G50))) | C50: =IF(G50="","",DAY(G50)) | D50: =IF(G50="","",MONTH(G50)) | E50: =IF(G50="","",YEAR(G50)) | F50: =IF(G50="","",CHOOSE(MONTH(G50),"Janeiro","Fevereiro","Março","Abril","Maio","Junho","Julho","Agosto","Setembro","Outubro","Novembro","Dezembro")) | G50: 46054 | H50: 0.21532407 | I50: https://docs.google.com/spreadsheets/d/1ZiCGoPjLCjuYvujDTXK9Ixbth3tekiLtFBzBrGjPCr4/edit?gid=0#gid=0 | J50: Overpaid, Excede o limite, Sem comprovante - [OPEN] | L50: FALSE | N50: =IF($J50="","",IFERROR(INDEX(B!$F$2:$F$61,MATCH($J50,B!$E$2:$E$61,0))&"","")) | O50: =IF($J50="","",IFERROR(INDEX(B!$G$2:$G$61,MATCH($J50,B!$E$2:$E$61,0))&"","")) | P50: =IF($J50="","",IFERROR(INDEX(B!$H$2:$H$61,MATCH($J50,B!$E$2:$E$61,0))&"","")) | Q50: =IF($J50="","",IFERROR(INDEX(B!$I$2:$I$61,MATCH($J50,B!$E$2:$E$61,0))&"","")) | R50: =IF($J50="","",IFERROR(INDEX(B!$J$2:$J$61,MATCH($J50,B!$E$2:$E$61,0))&"","")) | S50: =IF($J50="","",IFERROR(INDEX(B!$K$2:$K$61,MATCH($J50,B!$E$2:$E$61,0))&"","")) | T50: =IF($J50="","",IFERROR(INDEX(B!$L$2:$L$61,MATCH($J50,B!$E$2:$E$61,0))&"","")) | V50: =IF($J50="","",IFERROR(INDEX(B!$M$2:$M$61,MATCH($J50,B!$E$2:$E$61,0))&"","")) | W50: =IF(I50="","",IFERROR(MID(I50,FIND("/d/",I50)+3,FIND("/edit",I50)-FIND("/d/",I50)-3),I50)) | X50: =IF($J50="","",IFERROR(INDEX(B!$C$2:$C$61,MATCH($J50,B!$E$2:$E$61,0))&"","")) | Z50: =IF($J50="",FALSE,ISNUMBER(SEARCH("scout",$K50))) | AA50: =IF($J50="",FALSE,IFERROR(INDEX(B!$N$2:$N$61,MATCH($J50,B!$E$2:$E$61,0))="Sim",FALSE)) | AB50: =IF($J50="",FALSE,LEFT($X50,2)="XX") | AC50: =IF($J50="",FALSE,IFERROR(INDEX(B!$P$2:$P$61,MATCH($J50,B!$E$2:$E$61,0))="Sim",FALSE)) | AE50: =IF(H50="","",HOUR(H50))
A51: =IF(G51="","",IF(G51=G50,"",COUNTIF($G$3:$G$976,G51))) | C51: =IF(G51="","",DAY(G51)) | D51: =IF(G51="","",MONTH(G51)) | E51: =IF(G51="","",YEAR(G51)) | F51: =IF(G51="","",CHOOSE(MONTH(G51),"Janeiro","Fevereiro","Março","Abril","Maio","Junho","Julho","Agosto","Setembro","Outubro","Novembro","Dezembro")) | G51: 46054 | H51: 0.21726852 | I51: https://docs.google.com/spreadsheets/d/1ZiCGoPjLCjuYvujDTXK9Ixbth3tekiLtFBzBrGjPCr4/edit?gid=0#gid=0 | J51: Trajeto Ruim - [TR] | L51: FALSE | N51: =IF($J51="","",IFERROR(INDEX(B!$F$2:$F$61,MATCH($J51,B!$E$2:$E$61,0))&"","")) | O51: =IF($J51="","",IFERROR(INDEX(B!$G$2:$G$61,MATCH($J51,B!$E$2:$E$61,0))&"","")) | P51: =IF($J51="","",IFERROR(INDEX(B!$H$2:$H$61,MATCH($J51,B!$E$2:$E$61,0))&"","")) | Q51: =IF($J51="","",IFERROR(INDEX(B!$I$2:$I$61,MATCH($J51,B!$E$2:$E$61,0))&"","")) | R51: =IF($J51="","",IFERROR(INDEX(B!$J$2:$J$61,MATCH($J51,B!$E$2:$E$61,0))&"","")) | S51: =IF($J51="","",IFERROR(INDEX(B!$K$2:$K$61,MATCH($J51,B!$E$2:$E$61,0))&"","")) | T51: =IF($J51="","",IFERROR(INDEX(B!$L$2:$L$61,MATCH($J51,B!$E$2:$E$61,0))&"","")) | V51: =IF($J51="","",IFERROR(INDEX(B!$M$2:$M$61,MATCH($J51,B!$E$2:$E$61,0))&"","")) | W51: =IF(I51="","",IFERROR(MID(I51,FIND("/d/",I51)+3,FIND("/edit",I51)-FIND("/d/",I51)-3),I51)) | X51: =IF($J51="","",IFERROR(INDEX(B!$C$2:$C$61,MATCH($J51,B!$E$2:$E$61,0))&"","")) | Z51: =IF($J51="",FALSE,ISNUMBER(SEARCH("scout",$K51))) | AA51: =IF($J51="",FALSE,IFERROR(INDEX(B!$N$2:$N$61,MATCH($J51,B!$E$2:$E$61,0))="Sim",FALSE)) | AB51: =IF($J51="",FALSE,LEFT($X51,2)="XX") | AC51: =IF($J51="",FALSE,IFERROR(INDEX(B!$P$2:$P$61,MATCH($J51,B!$E$2:$E$61,0))="Sim",FALSE)) | AE51: =IF(H51="","",HOUR(H51))
A52: =IF(G52="","",IF(G52=G51,"",COUNTIF($G$3:$G$976,G52))) | C52: =IF(G52="","",DAY(G52)) | D52: =IF(G52="","",MONTH(G52)) | E52: =IF(G52="","",YEAR(G52)) | F52: =IF(G52="","",CHOOSE(MONTH(G52),"Janeiro","Fevereiro","Março","Abril","Maio","Junho","Julho","Agosto","Setembro","Outubro","Novembro","Dezembro")) | G52: 46054 | H52: 0.2194213 | I52: https://docs.google.com/spreadsheets/d/1ZiCGoPjLCjuYvujDTXK9Ixbth3tekiLtFBzBrGjPCr4/edit?gid=0#gid=0 | J52: No Need Response (Não precisa de resposta) - [NRN] | L52: FALSE | N52: =IF($J52="","",IFERROR(INDEX(B!$F$2:$F$61,MATCH($J52,B!$E$2:$E$61,0))&"","")) | O52: =IF($J52="","",IFERROR(INDEX(B!$G$2:$G$61,MATCH($J52,B!$E$2:$E$61,0))&"","")) | P52: =IF($J52="","",IFERROR(INDEX(B!$H$2:$H$61,MATCH($J52,B!$E$2:$E$61,0))&"","")) | Q52: =IF($J52="","",IFERROR(INDEX(B!$I$2:$I$61,MATCH($J52,B!$E$2:$E$61,0))&"","")) | R52: =IF($J52="","",IFERROR(INDEX(B!$J$2:$J$61,MATCH($J52,B!$E$2:$E$61,0))&"","")) | S52: =IF($J52="","",IFERROR(INDEX(B!$K$2:$K$61,MATCH($J52,B!$E$2:$E$61,0))&"","")) | T52: =IF($J52="","",IFERROR(INDEX(B!$L$2:$L$61,MATCH($J52,B!$E$2:$E$61,0))&"","")) | V52: =IF($J52="","",IFERROR(INDEX(B!$M$2:$M$61,MATCH($J52,B!$E$2:$E$61,0))&"","")) | W52: =IF(I52="","",IFERROR(MID(I52,FIND("/d/",I52)+3,FIND("/edit",I52)-FIND("/d/",I52)-3),I52)) | X52: =IF($J52="","",IFERROR(INDEX(B!$C$2:$C$61,MATCH($J52,B!$E$2:$E$61,0))&"","")) | Z52: =IF($J52="",FALSE,ISNUMBER(SEARCH("scout",$K52))) | AA52: =IF($J52="",FALSE,IFERROR(INDEX(B!$N$2:$N$61,MATCH($J52,B!$E$2:$E$61,0))="Sim",FALSE)) | AB52: =IF($J52="",FALSE,LEFT($X52,2)="XX") | AC52: =IF($J52="",FALSE,IFERROR(INDEX(B!$P$2:$P$61,MATCH($J52,B!$E$2:$E$61,0))="Sim",FALSE)) | AE52: =IF(H52="","",HOUR(H52))
A53: =IF(G53="","",IF(G53=G52,"",COUNTIF($G$3:$G$976,G53))) | C53: =IF(G53="","",DAY(G53)) | D53: =IF(G53="","",MONTH(G53)) | E53: =IF(G53="","",YEAR(G53)) | F53: =IF(G53="","",CHOOSE(MONTH(G53),"Janeiro","Fevereiro","Março","Abril","Maio","Junho","Julho","Agosto","Setembro","Outubro","Novembro","Dezembro")) | G53: 46054 | H53: 0.2252662 | I53: https://docs.google.com/spreadsheets/d/1ZiCGoPjLCjuYvujDTXK9Ixbth3tekiLtFBzBrGjPCr4/edit?gid=0#gid=0 | J53: Taxa de Cancelamento Cobrada Corretamente - [TXCO] | L53: TRUE | N53: =IF($J53="","",IFERROR(INDEX(B!$F$2:$F$61,MATCH($J53,B!$E$2:$E$61,0))&"","")) | O53: =IF($J53="","",IFERROR(INDEX(B!$G$2:$G$61,MATCH($J53,B!$E$2:$E$61,0))&"","")) | P53: =IF($J53="","",IFERROR(INDEX(B!$H$2:$H$61,MATCH($J53,B!$E$2:$E$61,0))&"","")) | Q53: =IF($J53="","",IFERROR(INDEX(B!$I$2:$I$61,MATCH($J53,B!$E$2:$E$61,0))&"","")) | R53: =IF($J53="","",IFERROR(INDEX(B!$J$2:$J$61,MATCH($J53,B!$E$2:$E$61,0))&"","")) | S53: =IF($J53="","",IFERROR(INDEX(B!$K$2:$K$61,MATCH($J53,B!$E$2:$E$61,0))&"","")) | T53: =IF($J53="","",IFERROR(INDEX(B!$L$2:$L$61,MATCH($J53,B!$E$2:$E$61,0))&"","")) | V53: =IF($J53="","",IFERROR(INDEX(B!$M$2:$M$61,MATCH($J53,B!$E$2:$E$61,0))&"","")) | W53: =IF(I53="","",IFERROR(MID(I53,FIND("/d/",I53)+3,FIND("/edit",I53)-FIND("/d/",I53)-3),I53)) | X53: =IF($J53="","",IFERROR(INDEX(B!$C$2:$C$61,MATCH($J53,B!$E$2:$E$61,0))&"","")) | Z53: =IF($J53="",FALSE,ISNUMBER(SEARCH("scout",$K53))) | AA53: =IF($J53="",FALSE,IFERROR(INDEX(B!$N$2:$N$61,MATCH($J53,B!$E$2:$E$61,0))="Sim",FALSE)) | AB53: =IF($J53="",FALSE,LEFT($X53,2)="XX") | AC53: =IF($J53="",FALSE,IFERROR(INDEX(B!$P$2:$P$61,MATCH($J53,B!$E$2:$E$61,0))="Sim",FALSE)) | AE53: =IF(H53="","",HOUR(H53))
A54: =IF(G54="","",IF(G54=G53,"",COUNTIF($G$3:$G$976,G54))) | C54: =IF(G54="","",DAY(G54)) | D54: =IF(G54="","",MONTH(G54)) | E54: =IF(G54="","",YEAR(G54)) | F54: =IF(G54="","",CHOOSE(MONTH(G54),"Janeiro","Fevereiro","Março","Abril","Maio","Junho","Julho","Agosto","Setembro","Outubro","Novembro","Dezembro")) | G54: 46054 | H54: 0.22625 | I54: https://docs.google.com/spreadsheets/d/1ZiCGoPjLCjuYvujDTXK9Ixbth3tekiLtFBzBrGjPCr4/edit?gid=0#gid=0 | J54: Transferência de LOB (Driver) - [TIDV] | L54: TRUE | N54: =IF($J54="","",IFERROR(INDEX(B!$F$2:$F$61,MATCH($J54,B!$E$2:$E$61,0))&"","")) | O54: =IF($J54="","",IFERROR(INDEX(B!$G$2:$G$61,MATCH($J54,B!$E$2:$E$61,0))&"","")) | P54: =IF($J54="","",IFERROR(INDEX(B!$H$2:$H$61,MATCH($J54,B!$E$2:$E$61,0))&"","")) | Q54: =IF($J54="","",IFERROR(INDEX(B!$I$2:$I$61,MATCH($J54,B!$E$2:$E$61,0))&"","")) | R54: =IF($J54="","",IFERROR(INDEX(B!$J$2:$J$61,MATCH($J54,B!$E$2:$E$61,0))&"","")) | S54: =IF($J54="","",IFERROR(INDEX(B!$K$2:$K$61,MATCH($J54,B!$E$2:$E$61,0))&"","")) | T54: =IF($J54="","",IFERROR(INDEX(B!$L$2:$L$61,MATCH($J54,B!$E$2:$E$61,0))&"","")) | V54: =IF($J54="","",IFERROR(INDEX(B!$M$2:$M$61,MATCH($J54,B!$E$2:$E$61,0))&"","")) | W54: =IF(I54="","",IFERROR(MID(I54,FIND("/d/",I54)+3,FIND("/edit",I54)-FIND("/d/",I54)-3),I54)) | X54: =IF($J54="","",IFERROR(INDEX(B!$C$2:$C$61,MATCH($J54,B!$E$2:$E$61,0))&"","")) | Z54: =IF($J54="",FALSE,ISNUMBER(SEARCH("scout",$K54))) | AA54: =IF($J54="",FALSE,IFERROR(INDEX(B!$N$2:$N$61,MATCH($J54,B!$E$2:$E$61,0))="Sim",FALSE)) | AB54: =IF($J54="",FALSE,LEFT($X54,2)="XX") | AC54: =IF($J54="",FALSE,IFERROR(INDEX(B!$P$2:$P$61,MATCH($J54,B!$E$2:$E$61,0))="Sim",FALSE)) | AE54: =IF(H54="","",HOUR(H54))
A55: =IF(G55="","",IF(G55=G54,"",COUNTIF($G$3:$G$976,G55))) | C55: =IF(G55="","",DAY(G55)) | D55: =IF(G55="","",MONTH(G55)) | E55: =IF(G55="","",YEAR(G55)) | F55: =IF(G55="","",CHOOSE(MONTH(G55),"Janeiro","Fevereiro","Março","Abril","Maio","Junho","Julho","Agosto","Setembro","Outubro","Novembro","Dezembro")) | G55: 46054 | H55: 0.23446759 | I55: https://docs.google.com/spreadsheets/d/1ZiCGoPjLCjuYvujDTXK9Ixbth3tekiLtFBzBrGjPCr4/edit?gid=0#gid=0 | J55: Não houve Taxa de Cancelamento - [NTX] | L55: FALSE | N55: =IF($J55="","",IFERROR(INDEX(B!$F$2:$F$61,MATCH($J55,B!$E$2:$E$61,0))&"","")) | O55: =IF($J55="","",IFERROR(INDEX(B!$G$2:$G$61,MATCH($J55,B!$E$2:$E$61,0))&"","")) | P55: =IF($J55="","",IFERROR(INDEX(B!$H$2:$H$61,MATCH($J55,B!$E$2:$E$61,0))&"","")) | Q55: =IF($J55="","",IFERROR(INDEX(B!$I$2:$I$61,MATCH($J55,B!$E$2:$E$61,0))&"","")) | R55: =IF($J55="","",IFERROR(INDEX(B!$J$2:$J$61,MATCH($J55,B!$E$2:$E$61,0))&"","")) | S55: =IF($J55="","",IFERROR(INDEX(B!$K$2:$K$61,MATCH($J55,B!$E$2:$E$61,0))&"","")) | T55: =IF($J55="","",IFERROR(INDEX(B!$L$2:$L$61,MATCH($J55,B!$E$2:$E$61,0))&"","")) | V55: =IF($J55="","",IFERROR(INDEX(B!$M$2:$M$61,MATCH($J55,B!$E$2:$E$61,0))&"","")) | W55: =IF(I55="","",IFERROR(MID(I55,FIND("/d/",I55)+3,FIND("/edit",I55)-FIND("/d/",I55)-3),I55)) | X55: =IF($J55="","",IFERROR(INDEX(B!$C$2:$C$61,MATCH($J55,B!$E$2:$E$61,0))&"","")) | Z55: =IF($J55="",FALSE,ISNUMBER(SEARCH("scout",$K55))) | AA55: =IF($J55="",FALSE,IFERROR(INDEX(B!$N$2:$N$61,MATCH($J55,B!$E$2:$E$61,0))="Sim",FALSE)) | AB55: =IF($J55="",FALSE,LEFT($X55,2)="XX") | AC55: =IF($J55="",FALSE,IFERROR(INDEX(B!$P$2:$P$61,MATCH($J55,B!$E$2:$E$61,0))="Sim",FALSE)) | AE55: =IF(H55="","",HOUR(H55))
A56: =IF(G56="","",IF(G56=G55,"",COUNTIF($G$3:$G$976,G56))) | C56: =IF(G56="","",DAY(G56)) | D56: =IF(G56="","",MONTH(G56)) | E56: =IF(G56="","",YEAR(G56)) | F56: =IF(G56="","",CHOOSE(MONTH(G56),"Janeiro","Fevereiro","Março","Abril","Maio","Junho","Julho","Agosto","Setembro","Outubro","Novembro","Dezembro")) | G56: 46054 | H56: 0.23534722 | I56: https://docs.google.com/spreadsheets/d/1ZiCGoPjLCjuYvujDTXK9Ixbth3tekiLtFBzBrGjPCr4/edit?gid=0#gid=0 | J56: Taxa de Cancelamento - [TXC] | L56: FALSE | N56: =IF($J56="","",IFERROR(INDEX(B!$F$2:$F$61,MATCH($J56,B!$E$2:$E$61,0))&"","")) | O56: =IF($J56="","",IFERROR(INDEX(B!$G$2:$G$61,MATCH($J56,B!$E$2:$E$61,0))&"","")) | P56: =IF($J56="","",IFERROR(INDEX(B!$H$2:$H$61,MATCH($J56,B!$E$2:$E$61,0))&"","")) | Q56: =IF($J56="","",IFERROR(INDEX(B!$I$2:$I$61,MATCH($J56,B!$E$2:$E$61,0))&"","")) | R56: =IF($J56="","",IFERROR(INDEX(B!$J$2:$J$61,MATCH($J56,B!$E$2:$E$61,0))&"","")) | S56: =IF($J56="","",IFERROR(INDEX(B!$K$2:$K$61,MATCH($J56,B!$E$2:$E$61,0))&"","")) | T56: =IF($J56="","",IFERROR(INDEX(B!$L$2:$L$61,MATCH($J56,B!$E$2:$E$61,0))&"","")) | V56: =IF($J56="","",IFERROR(INDEX(B!$M$2:$M$61,MATCH($J56,B!$E$2:$E$61,0))&"","")) | W56: =IF(I56="","",IFERROR(MID(I56,FIND("/d/",I56)+3,FIND("/edit",I56)-FIND("/d/",I56)-3),I56)) | X56: =IF($J56="","",IFERROR(INDEX(B!$C$2:$C$61,MATCH($J56,B!$E$2:$E$61,0))&"","")) | Z56: =IF($J56="",FALSE,ISNUMBER(SEARCH("scout",$K56))) | AA56: =IF($J56="",FALSE,IFERROR(INDEX(B!$N$2:$N$61,MATCH($J56,B!$E$2:$E$61,0))="Sim",FALSE)) | AB56: =IF($J56="",FALSE,LEFT($X56,2)="XX") | AC56: =IF($J56="",FALSE,IFERROR(INDEX(B!$P$2:$P$61,MATCH($J56,B!$E$2:$E$61,0))="Sim",FALSE)) | AE56: =IF(H56="","",HOUR(H56))
A57: =IF(G57="","",IF(G57=G56,"",COUNTIF($G$3:$G$976,G57))) | C57: =IF(G57="","",DAY(G57)) | D57: =IF(G57="","",MONTH(G57)) | E57: =IF(G57="","",YEAR(G57)) | F57: =IF(G57="","",CHOOSE(MONTH(G57),"Janeiro","Fevereiro","Março","Abril","Maio","Junho","Julho","Agosto","Setembro","Outubro","Novembro","Dezembro")) | G57: 46054 | H57: 0.23740741 | I57: https://docs.google.com/spreadsheets/d/1ZiCGoPjLCjuYvujDTXK9Ixbth3tekiLtFBzBrGjPCr4/edit?gid=0#gid=0 | J57: Pushback - [XX] | K57: Scout | L57: FALSE | N57: =IF($J57="","",IFERROR(INDEX(B!$F$2:$F$61,MATCH($J57,B!$E$2:$E$61,0))&"","")) | O57: =IF($J57="","",IFERROR(INDEX(B!$G$2:$G$61,MATCH($J57,B!$E$2:$E$61,0))&"","")) | P57: =IF($J57="","",IFERROR(INDEX(B!$H$2:$H$61,MATCH($J57,B!$E$2:$E$61,0))&"","")) | Q57: =IF($J57="","",IFERROR(INDEX(B!$I$2:$I$61,MATCH($J57,B!$E$2:$E$61,0))&"","")) | R57: =IF($J57="","",IFERROR(INDEX(B!$J$2:$J$61,MATCH($J57,B!$E$2:$E$61,0))&"","")) | S57: =IF($J57="","",IFERROR(INDEX(B!$K$2:$K$61,MATCH($J57,B!$E$2:$E$61,0))&"","")) | T57: =IF($J57="","",IFERROR(INDEX(B!$L$2:$L$61,MATCH($J57,B!$E$2:$E$61,0))&"","")) | V57: =IF($J57="","",IFERROR(INDEX(B!$M$2:$M$61,MATCH($J57,B!$E$2:$E$61,0))&"","")) | W57: =IF(I57="","",IFERROR(MID(I57,FIND("/d/",I57)+3,FIND("/edit",I57)-FIND("/d/",I57)-3),I57)) | X57: =IF($J57="","",IFERROR(INDEX(B!$C$2:$C$61,MATCH($J57,B!$E$2:$E$61,0))&"","")) | Z57: =IF($J57="",FALSE,ISNUMBER(SEARCH("scout",$K57))) | AA57: =IF($J57="",FALSE,IFERROR(INDEX(B!$N$2:$N$61,MATCH($J57,B!$E$2:$E$61,0))="Sim",FALSE)) | AB57: =IF($J57="",FALSE,LEFT($X57,2)="XX") | AC57: =IF($J57="",FALSE,IFERROR(INDEX(B!$P$2:$P$61,MATCH($J57,B!$E$2:$E$61,0))="Sim",FALSE)) | AE57: =IF(H57="","",HOUR(H57))
A58: =IF(G58="","",IF(G58=G57,"",COUNTIF($G$3:$G$976,G58))) | C58: =IF(G58="","",DAY(G58)) | D58: =IF(G58="","",MONTH(G58)) | E58: =IF(G58="","",YEAR(G58)) | F58: =IF(G58="","",CHOOSE(MONTH(G58),"Janeiro","Fevereiro","Março","Abril","Maio","Junho","Julho","Agosto","Setembro","Outubro","Novembro","Dezembro")) | G58: 46054 | H58: 0.23813657 | I58: https://docs.google.com/spreadsheets/d/1ZiCGoPjLCjuYvujDTXK9Ixbth3tekiLtFBzBrGjPCr4/edit?gid=0#gid=0 | J58: Transferência de LOB (Accounts) - [TIAC] | K58: Scout | L58: FALSE | N58: =IF($J58="","",IFERROR(INDEX(B!$F$2:$F$61,MATCH($J58,B!$E$2:$E$61,0))&"","")) | O58: =IF($J58="","",IFERROR(INDEX(B!$G$2:$G$61,MATCH($J58,B!$E$2:$E$61,0))&"","")) | P58: =IF($J58="","",IFERROR(INDEX(B!$H$2:$H$61,MATCH($J58,B!$E$2:$E$61,0))&"","")) | Q58: =IF($J58="","",IFERROR(INDEX(B!$I$2:$I$61,MATCH($J58,B!$E$2:$E$61,0))&"","")) | R58: =IF($J58="","",IFERROR(INDEX(B!$J$2:$J$61,MATCH($J58,B!$E$2:$E$61,0))&"","")) | S58: =IF($J58="","",IFERROR(INDEX(B!$K$2:$K$61,MATCH($J58,B!$E$2:$E$61,0))&"","")) | T58: =IF($J58="","",IFERROR(INDEX(B!$L$2:$L$61,MATCH($J58,B!$E$2:$E$61,0))&"","")) | V58: =IF($J58="","",IFERROR(INDEX(B!$M$2:$M$61,MATCH($J58,B!$E$2:$E$61,0))&"","")) | W58: =IF(I58="","",IFERROR(MID(I58,FIND("/d/",I58)+3,FIND("/edit",I58)-FIND("/d/",I58)-3),I58)) | X58: =IF($J58="","",IFERROR(INDEX(B!$C$2:$C$61,MATCH($J58,B!$E$2:$E$61,0))&"","")) | Z58: =IF($J58="",FALSE,ISNUMBER(SEARCH("scout",$K58))) | AA58: =IF($J58="",FALSE,IFERROR(INDEX(B!$N$2:$N$61,MATCH($J58,B!$E$2:$E$61,0))="Sim",FALSE)) | AB58: =IF($J58="",FALSE,LEFT($X58,2)="XX") | AC58: =IF($J58="",FALSE,IFERROR(INDEX(B!$P$2:$P$61,MATCH($J58,B!$E$2:$E$61,0))="Sim",FALSE)) | AE58: =IF(H58="","",HOUR(H58))
A59: =IF(G59="","",IF(G59=G58,"",COUNTIF($G$3:$G$976,G59))) | C59: =IF(G59="","",DAY(G59)) | D59: =IF(G59="","",MONTH(G59)) | E59: =IF(G59="","",YEAR(G59)) | F59: =IF(G59="","",CHOOSE(MONTH(G59),"Janeiro","Fevereiro","Março","Abril","Maio","Junho","Julho","Agosto","Setembro","Outubro","Novembro","Dezembro")) | G59: 46054 | H59: 0.24075231 | I59: https://docs.google.com/spreadsheets/d/1ZiCGoPjLCjuYvujDTXK9Ixbth3tekiLtFBzBrGjPCr4/edit?gid=0#gid=0 | J59: Taxa de Limpeza - [TXL] | L59: FALSE | N59: =IF($J59="","",IFERROR(INDEX(B!$F$2:$F$61,MATCH($J59,B!$E$2:$E$61,0))&"","")) | O59: =IF($J59="","",IFERROR(INDEX(B!$G$2:$G$61,MATCH($J59,B!$E$2:$E$61,0))&"","")) | P59: =IF($J59="","",IFERROR(INDEX(B!$H$2:$H$61,MATCH($J59,B!$E$2:$E$61,0))&"","")) | Q59: =IF($J59="","",IFERROR(INDEX(B!$I$2:$I$61,MATCH($J59,B!$E$2:$E$61,0))&"","")) | R59: =IF($J59="","",IFERROR(INDEX(B!$J$2:$J$61,MATCH($J59,B!$E$2:$E$61,0))&"","")) | S59: =IF($J59="","",IFERROR(INDEX(B!$K$2:$K$61,MATCH($J59,B!$E$2:$E$61,0))&"","")) | T59: =IF($J59="","",IFERROR(INDEX(B!$L$2:$L$61,MATCH($J59,B!$E$2:$E$61,0))&"","")) | V59: =IF($J59="","",IFERROR(INDEX(B!$M$2:$M$61,MATCH($J59,B!$E$2:$E$61,0))&"","")) | W59: =IF(I59="","",IFERROR(MID(I59,FIND("/d/",I59)+3,FIND("/edit",I59)-FIND("/d/",I59)-3),I59)) | X59: =IF($J59="","",IFERROR(INDEX(B!$C$2:$C$61,MATCH($J59,B!$E$2:$E$61,0))&"","")) | Z59: =IF($J59="",FALSE,ISNUMBER(SEARCH("scout",$K59))) | AA59: =IF($J59="",FALSE,IFERROR(INDEX(B!$N$2:$N$61,MATCH($J59,B!$E$2:$E$61,0))="Sim",FALSE)) | AB59: =IF($J59="",FALSE,LEFT($X59,2)="XX") | AC59: =IF($J59="",FALSE,IFERROR(INDEX(B!$P$2:$P$61,MATCH($J59,B!$E$2:$E$61,0))="Sim",FALSE)) | AE59: =IF(H59="","",HOUR(H59))
A60: =IF(G60="","",IF(G60=G59,"",COUNTIF($G$3:$G$976,G60))) | C60: =IF(G60="","",DAY(G60)) | D60: =IF(G60="","",MONTH(G60)) | E60: =IF(G60="","",YEAR(G60)) | F60: =IF(G60="","",CHOOSE(MONTH(G60),"Janeiro","Fevereiro","Março","Abril","Maio","Junho","Julho","Agosto","Setembro","Outubro","Novembro","Dezembro")) | G60: 46054 | H60: 0.24247685 | I60: https://docs.google.com/spreadsheets/d/1ZiCGoPjLCjuYvujDTXK9Ixbth3tekiLtFBzBrGjPCr4/edit?gid=0#gid=0 | J60: Comprovante de Pagamento - [CP] | L60: TRUE | N60: =IF($J60="","",IFERROR(INDEX(B!$F$2:$F$61,MATCH($J60,B!$E$2:$E$61,0))&"","")) | O60: =IF($J60="","",IFERROR(INDEX(B!$G$2:$G$61,MATCH($J60,B!$E$2:$E$61,0))&"","")) | P60: =IF($J60="","",IFERROR(INDEX(B!$H$2:$H$61,MATCH($J60,B!$E$2:$E$61,0))&"","")) | Q60: =IF($J60="","",IFERROR(INDEX(B!$I$2:$I$61,MATCH($J60,B!$E$2:$E$61,0))&"","")) | R60: =IF($J60="","",IFERROR(INDEX(B!$J$2:$J$61,MATCH($J60,B!$E$2:$E$61,0))&"","")) | S60: =IF($J60="","",IFERROR(INDEX(B!$K$2:$K$61,MATCH($J60,B!$E$2:$E$61,0))&"","")) | T60: =IF($J60="","",IFERROR(INDEX(B!$L$2:$L$61,MATCH($J60,B!$E$2:$E$61,0))&"","")) | V60: =IF($J60="","",IFERROR(INDEX(B!$M$2:$M$61,MATCH($J60,B!$E$2:$E$61,0))&"","")) | W60: =IF(I60="","",IFERROR(MID(I60,FIND("/d/",I60)+3,FIND("/edit",I60)-FIND("/d/",I60)-3),I60)) | X60: =IF($J60="","",IFERROR(INDEX(B!$C$2:$C$61,MATCH($J60,B!$E$2:$E$61,0))&"","")) | Z60: =IF($J60="",FALSE,ISNUMBER(SEARCH("scout",$K60))) | AA60: =IF($J60="",FALSE,IFERROR(INDEX(B!$N$2:$N$61,MATCH($J60,B!$E$2:$E$61,0))="Sim",FALSE)) | AB60: =IF($J60="",FALSE,LEFT($X60,2)="XX") | AC60: =IF($J60="",FALSE,IFERROR(INDEX(B!$P$2:$P$61,MATCH($J60,B!$E$2:$E$61,0))="Sim",FALSE)) | AE60: =IF(H60="","",HOUR(H60))
A61: =IF(G61="","",IF(G61=G60,"",COUNTIF($G$3:$G$976,G61))) | C61: =IF(G61="","",DAY(G61)) | D61: =IF(G61="","",MONTH(G61)) | E61: =IF(G61="","",YEAR(G61)) | F61: =IF(G61="","",CHOOSE(MONTH(G61),"Janeiro","Fevereiro","Março","Abril","Maio","Junho","Julho","Agosto","Setembro","Outubro","Novembro","Dezembro")) | G61: 46054 | H61: 0.24409722 | I61: https://docs.google.com/spreadsheets/d/1ZiCGoPjLCjuYvujDTXK9Ixbth3tekiLtFBzBrGjPCr4/edit?gid=0#gid=0 | J61: Transferência de LOB (Driver) - [TIDV] | L61: TRUE | N61: =IF($J61="","",IFERROR(INDEX(B!$F$2:$F$61,MATCH($J61,B!$E$2:$E$61,0))&"","")) | O61: =IF($J61="","",IFERROR(INDEX(B!$G$2:$G$61,MATCH($J61,B!$E$2:$E$61,0))&"","")) | P61: =IF($J61="","",IFERROR(INDEX(B!$H$2:$H$61,MATCH($J61,B!$E$2:$E$61,0))&"","")) | Q61: =IF($J61="","",IFERROR(INDEX(B!$I$2:$I$61,MATCH($J61,B!$E$2:$E$61,0))&"","")) | R61: =IF($J61="","",IFERROR(INDEX(B!$J$2:$J$61,MATCH($J61,B!$E$2:$E$61,0))&"","")) | S61: =IF($J61="","",IFERROR(INDEX(B!$K$2:$K$61,MATCH($J61,B!$E$2:$E$61,0))&"","")) | T61: =IF($J61="","",IFERROR(INDEX(B!$L$2:$L$61,MATCH($J61,B!$E$2:$E$61,0))&"","")) | V61: =IF($J61="","",IFERROR(INDEX(B!$M$2:$M$61,MATCH($J61,B!$E$2:$E$61,0))&"","")) | W61: =IF(I61="","",IFERROR(MID(I61,FIND("/d/",I61)+3,FIND("/edit",I61)-FIND("/d/",I61)-3),I61)) | X61: =IF($J61="","",IFERROR(INDEX(B!$C$2:$C$61,MATCH($J61,B!$E$2:$E$61,0))&"","")) | Z61: =IF($J61="",FALSE,ISNUMBER(SEARCH("scout",$K61))) | AA61: =IF($J61="",FALSE,IFERROR(INDEX(B!$N$2:$N$61,MATCH($J61,B!$E$2:$E$61,0))="Sim",FALSE)) | AB61: =IF($J61="",FALSE,LEFT($X61,2)="XX") | AC61: =IF($J61="",FALSE,IFERROR(INDEX(B!$P$2:$P$61,MATCH($J61,B!$E$2:$E$61,0))="Sim",FALSE)) | AE61: =IF(H61="","",HOUR(H61))
A62: =IF(G62="","",IF(G62=G61,"",COUNTIF($G$3:$G$976,G62))) | C62: =IF(G62="","",DAY(G62)) | D62: =IF(G62="","",MONTH(G62)) | E62: =IF(G62="","",YEAR(G62)) | F62: =IF(G62="","",CHOOSE(MONTH(G62),"Janeiro","Fevereiro","Março","Abril","Maio","Junho","Julho","Agosto","Setembro","Outubro","Novembro","Dezembro")) | G62: 46054 | H62: 0.24997685 | I62: https://docs.google.com/spreadsheets/d/1ZiCGoPjLCjuYvujDTXK9Ixbth3tekiLtFBzBrGjPCr4/edit?gid=0#gid=0 | J62: Overpaid, Não excede o limite, Sem comprovante - [OPNN] | K62: Scout | L62: FALSE | N62: =IF($J62="","",IFERROR(INDEX(B!$F$2:$F$61,MATCH($J62,B!$E$2:$E$61,0))&"","")) | O62: =IF($J62="","",IFERROR(INDEX(B!$G$2:$G$61,MATCH($J62,B!$E$2:$E$61,0))&"","")) | P62: =IF($J62="","",IFERROR(INDEX(B!$H$2:$H$61,MATCH($J62,B!$E$2:$E$61,0))&"","")) | Q62: =IF($J62="","",IFERROR(INDEX(B!$I$2:$I$61,MATCH($J62,B!$E$2:$E$61,0))&"","")) | R62: =IF($J62="","",IFERROR(INDEX(B!$J$2:$J$61,MATCH($J62,B!$E$2:$E$61,0))&"","")) | S62: =IF($J62="","",IFERROR(INDEX(B!$K$2:$K$61,MATCH($J62,B!$E$2:$E$61,0))&"","")) | T62: =IF($J62="","",IFERROR(INDEX(B!$L$2:$L$61,MATCH($J62,B!$E$2:$E$61,0))&"","")) | V62: =IF($J62="","",IFERROR(INDEX(B!$M$2:$M$61,MATCH($J62,B!$E$2:$E$61,0))&"","")) | W62: =IF(I62="","",IFERROR(MID(I62,FIND("/d/",I62)+3,FIND("/edit",I62)-FIND("/d/",I62)-3),I62)) | X62: =IF($J62="","",IFERROR(INDEX(B!$C$2:$C$61,MATCH($J62,B!$E$2:$E$61,0))&"","")) | Z62: =IF($J62="",FALSE,ISNUMBER(SEARCH("scout",$K62))) | AA62: =IF($J62="",FALSE,IFERROR(INDEX(B!$N$2:$N$61,MATCH($J62,B!$E$2:$E$61,0))="Sim",FALSE)) | AB62: =IF($J62="",FALSE,LEFT($X62,2)="XX") | AC62: =IF($J62="",FALSE,IFERROR(INDEX(B!$P$2:$P$61,MATCH($J62,B!$E$2:$E$61,0))="Sim",FALSE)) | AE62: =IF(H62="","",HOUR(H62))
A63: =IF(G63="","",IF(G63=G62,"",COUNTIF($G$3:$G$976,G63))) | C63: =IF(G63="","",DAY(G63)) | D63: =IF(G63="","",MONTH(G63)) | E63: =IF(G63="","",YEAR(G63)) | F63: =IF(G63="","",CHOOSE(MONTH(G63),"Janeiro","Fevereiro","Março","Abril","Maio","Junho","Julho","Agosto","Setembro","Outubro","Novembro","Dezembro")) | G63: 46055 | H63: 0.00033564815 | I63: https://docs.google.com/spreadsheets/d/1ZiCGoPjLCjuYvujDTXK9Ixbth3tekiLtFBzBrGjPCr4/edit?gid=0#gid=0 | J63: Taxa de Limpeza, Reembolsado ao cliente - [TXLR] | L63: FALSE | N63: =IF($J63="","",IFERROR(INDEX(B!$F$2:$F$61,MATCH($J63,B!$E$2:$E$61,0))&"","")) | O63: =IF($J63="","",IFERROR(INDEX(B!$G$2:$G$61,MATCH($J63,B!$E$2:$E$61,0))&"","")) | P63: =IF($J63="","",IFERROR(INDEX(B!$H$2:$H$61,MATCH($J63,B!$E$2:$E$61,0))&"","")) | Q63: =IF($J63="","",IFERROR(INDEX(B!$I$2:$I$61,MATCH($J63,B!$E$2:$E$61,0))&"","")) | R63: =IF($J63="","",IFERROR(INDEX(B!$J$2:$J$61,MATCH($J63,B!$E$2:$E$61,0))&"","")) | S63: =IF($J63="","",IFERROR(INDEX(B!$K$2:$K$61,MATCH($J63,B!$E$2:$E$61,0))&"","")) | T63: =IF($J63="","",IFERROR(INDEX(B!$L$2:$L$61,MATCH($J63,B!$E$2:$E$61,0))&"","")) | V63: =IF($J63="","",IFERROR(INDEX(B!$M$2:$M$61,MATCH($J63,B!$E$2:$E$61,0))&"","")) | W63: =IF(I63="","",IFERROR(MID(I63,FIND("/d/",I63)+3,FIND("/edit",I63)-FIND("/d/",I63)-3),I63)) | X63: =IF($J63="","",IFERROR(INDEX(B!$C$2:$C$61,MATCH($J63,B!$E$2:$E$61,0))&"","")) | Z63: =IF($J63="",FALSE,ISNUMBER(SEARCH("scout",$K63))) | AA63: =IF($J63="",FALSE,IFERROR(INDEX(B!$N$2:$N$61,MATCH($J63,B!$E$2:$E$61,0))="Sim",FALSE)) | AB63: =IF($J63="",FALSE,LEFT($X63,2)="XX") | AC63: =IF($J63="",FALSE,IFERROR(INDEX(B!$P$2:$P$61,MATCH($J63,B!$E$2:$E$61,0))="Sim",FALSE)) | AE63: =IF(H63="","",HOUR(H63))
A64: =IF(G64="","",IF(G64=G63,"",COUNTIF($G$3:$G$976,G64))) | C64: =IF(G64="","",DAY(G64)) | D64: =IF(G64="","",MONTH(G64)) | E64: =IF(G64="","",YEAR(G64)) | F64: =IF(G64="","",CHOOSE(MONTH(G64),"Janeiro","Fevereiro","Março","Abril","Maio","Junho","Julho","Agosto","Setembro","Outubro","Novembro","Dezembro")) | G64: 46055 | H64: 0.0033564815 | I64: https://docs.google.com/spreadsheets/d/1ZiCGoPjLCjuYvujDTXK9Ixbth3tekiLtFBzBrGjPCr4/edit?gid=0#gid=0 | J64: Overpaid, Não excede o limite, Com comprovante - [OPNC] | L64: FALSE | N64: =IF($J64="","",IFERROR(INDEX(B!$F$2:$F$61,MATCH($J64,B!$E$2:$E$61,0))&"","")) | O64: =IF($J64="","",IFERROR(INDEX(B!$G$2:$G$61,MATCH($J64,B!$E$2:$E$61,0))&"","")) | P64: =IF($J64="","",IFERROR(INDEX(B!$H$2:$H$61,MATCH($J64,B!$E$2:$E$61,0))&"","")) | Q64: =IF($J64="","",IFERROR(INDEX(B!$I$2:$I$61,MATCH($J64,B!$E$2:$E$61,0))&"","")) | R64: =IF($J64="","",IFERROR(INDEX(B!$J$2:$J$61,MATCH($J64,B!$E$2:$E$61,0))&"","")) | S64: =IF($J64="","",IFERROR(INDEX(B!$K$2:$K$61,MATCH($J64,B!$E$2:$E$61,0))&"","")) | T64: =IF($J64="","",IFERROR(INDEX(B!$L$2:$L$61,MATCH($J64,B!$E$2:$E$61,0))&"","")) | V64: =IF($J64="","",IFERROR(INDEX(B!$M$2:$M$61,MATCH($J64,B!$E$2:$E$61,0))&"","")) | W64: =IF(I64="","",IFERROR(MID(I64,FIND("/d/",I64)+3,FIND("/edit",I64)-FIND("/d/",I64)-3),I64)) | X64: =IF($J64="","",IFERROR(INDEX(B!$C$2:$C$61,MATCH($J64,B!$E$2:$E$61,0))&"","")) | Z64: =IF($J64="",FALSE,ISNUMBER(SEARCH("scout",$K64))) | AA64: =IF($J64="",FALSE,IFERROR(INDEX(B!$N$2:$N$61,MATCH($J64,B!$E$2:$E$61,0))="Sim",FALSE)) | AB64: =IF($J64="",FALSE,LEFT($X64,2)="XX") | AC64: =IF($J64="",FALSE,IFERROR(INDEX(B!$P$2:$P$61,MATCH($J64,B!$E$2:$E$61,0))="Sim",FALSE)) | AE64: =IF(H64="","",HOUR(H64))
A65: =IF(G65="","",IF(G65=G64,"",COUNTIF($G$3:$G$976,G65))) | C65: =IF(G65="","",DAY(G65)) | D65: =IF(G65="","",MONTH(G65)) | E65: =IF(G65="","",YEAR(G65)) | F65: =IF(G65="","",CHOOSE(MONTH(G65),"Janeiro","Fevereiro","Março","Abril","Maio","Junho","Julho","Agosto","Setembro","Outubro","Novembro","Dezembro")) | G65: 46055 | H65: 0.0052083333 | I65: https://docs.google.com/spreadsheets/d/1ZiCGoPjLCjuYvujDTXK9Ixbth3tekiLtFBzBrGjPCr4/edit?gid=0#gid=0 | J65: Transferência de LOB (Lost Items) - [TILI] | L65: FALSE | N65: =IF($J65="","",IFERROR(INDEX(B!$F$2:$F$61,MATCH($J65,B!$E$2:$E$61,0))&"","")) | O65: =IF($J65="","",IFERROR(INDEX(B!$G$2:$G$61,MATCH($J65,B!$E$2:$E$61,0))&"","")) | P65: =IF($J65="","",IFERROR(INDEX(B!$H$2:$H$61,MATCH($J65,B!$E$2:$E$61,0))&"","")) | Q65: =IF($J65="","",IFERROR(INDEX(B!$I$2:$I$61,MATCH($J65,B!$E$2:$E$61,0))&"","")) | R65: =IF($J65="","",IFERROR(INDEX(B!$J$2:$J$61,MATCH($J65,B!$E$2:$E$61,0))&"","")) | S65: =IF($J65="","",IFERROR(INDEX(B!$K$2:$K$61,MATCH($J65,B!$E$2:$E$61,0))&"","")) | T65: =IF($J65="","",IFERROR(INDEX(B!$L$2:$L$61,MATCH($J65,B!$E$2:$E$61,0))&"","")) | V65: =IF($J65="","",IFERROR(INDEX(B!$M$2:$M$61,MATCH($J65,B!$E$2:$E$61,0))&"","")) | W65: =IF(I65="","",IFERROR(MID(I65,FIND("/d/",I65)+3,FIND("/edit",I65)-FIND("/d/",I65)-3),I65)) | X65: =IF($J65="","",IFERROR(INDEX(B!$C$2:$C$61,MATCH($J65,B!$E$2:$E$61,0))&"","")) | Z65: =IF($J65="",FALSE,ISNUMBER(SEARCH("scout",$K65))) | AA65: =IF($J65="",FALSE,IFERROR(INDEX(B!$N$2:$N$61,MATCH($J65,B!$E$2:$E$61,0))="Sim",FALSE)) | AB65: =IF($J65="",FALSE,LEFT($X65,2)="XX") | AC65: =IF($J65="",FALSE,IFERROR(INDEX(B!$P$2:$P$61,MATCH($J65,B!$E$2:$E$61,0))="Sim",FALSE)) | AE65: =IF(H65="","",HOUR(H65))
A66: =IF(G66="","",IF(G66=G65,"",COUNTIF($G$3:$G$976,G66))) | C66: =IF(G66="","",DAY(G66)) | D66: =IF(G66="","",MONTH(G66)) | E66: =IF(G66="","",YEAR(G66)) | F66: =IF(G66="","",CHOOSE(MONTH(G66),"Janeiro","Fevereiro","Março","Abril","Maio","Junho","Julho","Agosto","Setembro","Outubro","Novembro","Dezembro")) | G66: 46055 | H66: 0.0083680556 | I66: https://docs.google.com/spreadsheets/d/1ZiCGoPjLCjuYvujDTXK9Ixbth3tekiLtFBzBrGjPCr4/edit?gid=0#gid=0 | J66: Transferência de LOB (Profissionalismo) - [TIPR] | L66: FALSE | N66: =IF($J66="","",IFERROR(INDEX(B!$F$2:$F$61,MATCH($J66,B!$E$2:$E$61,0))&"","")) | O66: =IF($J66="","",IFERROR(INDEX(B!$G$2:$G$61,MATCH($J66,B!$E$2:$E$61,0))&"","")) | P66: =IF($J66="","",IFERROR(INDEX(B!$H$2:$H$61,MATCH($J66,B!$E$2:$E$61,0))&"","")) | Q66: =IF($J66="","",IFERROR(INDEX(B!$I$2:$I$61,MATCH($J66,B!$E$2:$E$61,0))&"","")) | R66: =IF($J66="","",IFERROR(INDEX(B!$J$2:$J$61,MATCH($J66,B!$E$2:$E$61,0))&"","")) | S66: =IF($J66="","",IFERROR(INDEX(B!$K$2:$K$61,MATCH($J66,B!$E$2:$E$61,0))&"","")) | T66: =IF($J66="","",IFERROR(INDEX(B!$L$2:$L$61,MATCH($J66,B!$E$2:$E$61,0))&"","")) | V66: =IF($J66="","",IFERROR(INDEX(B!$M$2:$M$61,MATCH($J66,B!$E$2:$E$61,0))&"","")) | W66: =IF(I66="","",IFERROR(MID(I66,FIND("/d/",I66)+3,FIND("/edit",I66)-FIND("/d/",I66)-3),I66)) | X66: =IF($J66="","",IFERROR(INDEX(B!$C$2:$C$61,MATCH($J66,B!$E$2:$E$61,0))&"","")) | Z66: =IF($J66="",FALSE,ISNUMBER(SEARCH("scout",$K66))) | AA66: =IF($J66="",FALSE,IFERROR(INDEX(B!$N$2:$N$61,MATCH($J66,B!$E$2:$E$61,0))="Sim",FALSE)) | AB66: =IF($J66="",FALSE,LEFT($X66,2)="XX") | AC66: =IF($J66="",FALSE,IFERROR(INDEX(B!$P$2:$P$61,MATCH($J66,B!$E$2:$E$61,0))="Sim",FALSE)) | AE66: =IF(H66="","",HOUR(H66))
A67: =IF(G67="","",IF(G67=G66,"",COUNTIF($G$3:$G$976,G67))) | C67: =IF(G67="","",DAY(G67)) | D67: =IF(G67="","",MONTH(G67)) | E67: =IF(G67="","",YEAR(G67)) | F67: =IF(G67="","",CHOOSE(MONTH(G67),"Janeiro","Fevereiro","Março","Abril","Maio","Junho","Julho","Agosto","Setembro","Outubro","Novembro","Dezembro")) | G67: 46055 | H67: 0.012476852 | I67: https://docs.google.com/spreadsheets/d/1ZiCGoPjLCjuYvujDTXK9Ixbth3tekiLtFBzBrGjPCr4/edit?gid=0#gid=0 | J67: Transferência de LOB (Driver) - [TIDV] | K67: Scout | L67: FALSE | N67: =IF($J67="","",IFERROR(INDEX(B!$F$2:$F$61,MATCH($J67,B!$E$2:$E$61,0))&"","")) | O67: =IF($J67="","",IFERROR(INDEX(B!$G$2:$G$61,MATCH($J67,B!$E$2:$E$61,0))&"","")) | P67: =IF($J67="","",IFERROR(INDEX(B!$H$2:$H$61,MATCH($J67,B!$E$2:$E$61,0))&"","")) | Q67: =IF($J67="","",IFERROR(INDEX(B!$I$2:$I$61,MATCH($J67,B!$E$2:$E$61,0))&"","")) | R67: =IF($J67="","",IFERROR(INDEX(B!$J$2:$J$61,MATCH($J67,B!$E$2:$E$61,0))&"","")) | S67: =IF($J67="","",IFERROR(INDEX(B!$K$2:$K$61,MATCH($J67,B!$E$2:$E$61,0))&"","")) | T67: =IF($J67="","",IFERROR(INDEX(B!$L$2:$L$61,MATCH($J67,B!$E$2:$E$61,0))&"","")) | V67: =IF($J67="","",IFERROR(INDEX(B!$M$2:$M$61,MATCH($J67,B!$E$2:$E$61,0))&"","")) | W67: =IF(I67="","",IFERROR(MID(I67,FIND("/d/",I67)+3,FIND("/edit",I67)-FIND("/d/",I67)-3),I67)) | X67: =IF($J67="","",IFERROR(INDEX(B!$C$2:$C$61,MATCH($J67,B!$E$2:$E$61,0))&"","")) | Z67: =IF($J67="",FALSE,ISNUMBER(SEARCH("scout",$K67))) | AA67: =IF($J67="",FALSE,IFERROR(INDEX(B!$N$2:$N$61,MATCH($J67,B!$E$2:$E$61,0))="Sim",FALSE)) | AB67: =IF($J67="",FALSE,LEFT($X67,2)="XX") | AC67: =IF($J67="",FALSE,IFERROR(INDEX(B!$P$2:$P$61,MATCH($J67,B!$E$2:$E$61,0))="Sim",FALSE)) | AE67: =IF(H67="","",HOUR(H67))
A68: =IF(G68="","",IF(G68=G67,"",COUNTIF($G$3:$G$976,G68))) | C68: =IF(G68="","",DAY(G68)) | D68: =IF(G68="","",MONTH(G68)) | E68: =IF(G68="","",YEAR(G68)) | F68: =IF(G68="","",CHOOSE(MONTH(G68),"Janeiro","Fevereiro","Março","Abril","Maio","Junho","Julho","Agosto","Setembro","Outubro","Novembro","Dezembro")) | G68: 46055 | H68: 0.019826389 | I68: https://docs.google.com/spreadsheets/d/1ZiCGoPjLCjuYvujDTXK9Ixbth3tekiLtFBzBrGjPCr4/edit?gid=0#gid=0 | J68: Overpaid, Não excede o limite, Sem comprovante - [OPNN] | L68: FALSE | N68: =IF($J68="","",IFERROR(INDEX(B!$F$2:$F$61,MATCH($J68,B!$E$2:$E$61,0))&"","")) | O68: =IF($J68="","",IFERROR(INDEX(B!$G$2:$G$61,MATCH($J68,B!$E$2:$E$61,0))&"","")) | P68: =IF($J68="","",IFERROR(INDEX(B!$H$2:$H$61,MATCH($J68,B!$E$2:$E$61,0))&"","")) | Q68: =IF($J68="","",IFERROR(INDEX(B!$I$2:$I$61,MATCH($J68,B!$E$2:$E$61,0))&"","")) | R68: =IF($J68="","",IFERROR(INDEX(B!$J$2:$J$61,MATCH($J68,B!$E$2:$E$61,0))&"","")) | S68: =IF($J68="","",IFERROR(INDEX(B!$K$2:$K$61,MATCH($J68,B!$E$2:$E$61,0))&"","")) | T68: =IF($J68="","",IFERROR(INDEX(B!$L$2:$L$61,MATCH($J68,B!$E$2:$E$61,0))&"","")) | V68: =IF($J68="","",IFERROR(INDEX(B!$M$2:$M$61,MATCH($J68,B!$E$2:$E$61,0))&"","")) | W68: =IF(I68="","",IFERROR(MID(I68,FIND("/d/",I68)+3,FIND("/edit",I68)-FIND("/d/",I68)-3),I68)) | X68: =IF($J68="","",IFERROR(INDEX(B!$C$2:$C$61,MATCH($J68,B!$E$2:$E$61,0))&"","")) | Z68: =IF($J68="",FALSE,ISNUMBER(SEARCH("scout",$K68))) | AA68: =IF($J68="",FALSE,IFERROR(INDEX(B!$N$2:$N$61,MATCH($J68,B!$E$2:$E$61,0))="Sim",FALSE)) | AB68: =IF($J68="",FALSE,LEFT($X68,2)="XX") | AC68: =IF($J68="",FALSE,IFERROR(INDEX(B!$P$2:$P$61,MATCH($J68,B!$E$2:$E$61,0))="Sim",FALSE)) | AE68: =IF(H68="","",HOUR(H68))
A69: =IF(G69="","",IF(G69=G68,"",COUNTIF($G$3:$G$976,G69))) | C69: =IF(G69="","",DAY(G69)) | D69: =IF(G69="","",MONTH(G69)) | E69: =IF(G69="","",YEAR(G69)) | F69: =IF(G69="","",CHOOSE(MONTH(G69),"Janeiro","Fevereiro","Março","Abril","Maio","Junho","Julho","Agosto","Setembro","Outubro","Novembro","Dezembro")) | G69: 46055 | H69: 0.027986111 | I69: https://docs.google.com/spreadsheets/d/1ZiCGoPjLCjuYvujDTXK9Ixbth3tekiLtFBzBrGjPCr4/edit?gid=0#gid=0 | J69: Taxa de Cancelamento - [TXC] | L69: FALSE | N69: =IF($J69="","",IFERROR(INDEX(B!$F$2:$F$61,MATCH($J69,B!$E$2:$E$61,0))&"","")) | O69: =IF($J69="","",IFERROR(INDEX(B!$G$2:$G$61,MATCH($J69,B!$E$2:$E$61,0))&"","")) | P69: =IF($J69="","",IFERROR(INDEX(B!$H$2:$H$61,MATCH($J69,B!$E$2:$E$61,0))&"","")) | Q69: =IF($J69="","",IFERROR(INDEX(B!$I$2:$I$61,MATCH($J69,B!$E$2:$E$61,0))&"","")) | R69: =IF($J69="","",IFERROR(INDEX(B!$J$2:$J$61,MATCH($J69,B!$E$2:$E$61,0))&"","")) | S69: =IF($J69="","",IFERROR(INDEX(B!$K$2:$K$61,MATCH($J69,B!$E$2:$E$61,0))&"","")) | T69: =IF($J69="","",IFERROR(INDEX(B!$L$2:$L$61,MATCH($J69,B!$E$2:$E$61,0))&"","")) | V69: =IF($J69="","",IFERROR(INDEX(B!$M$2:$M$61,MATCH($J69,B!$E$2:$E$61,0))&"","")) | W69: =IF(I69="","",IFERROR(MID(I69,FIND("/d/",I69)+3,FIND("/edit",I69)-FIND("/d/",I69)-3),I69)) | X69: =IF($J69="","",IFERROR(INDEX(B!$C$2:$C$61,MATCH($J69,B!$E$2:$E$61,0))&"","")) | Z69: =IF($J69="",FALSE,ISNUMBER(SEARCH("scout",$K69))) | AA69: =IF($J69="",FALSE,IFERROR(INDEX(B!$N$2:$N$61,MATCH($J69,B!$E$2:$E$61,0))="Sim",FALSE)) | AB69: =IF($J69="",FALSE,LEFT($X69,2)="XX") | AC69: =IF($J69="",FALSE,IFERROR(INDEX(B!$P$2:$P$61,MATCH($J69,B!$E$2:$E$61,0))="Sim",FALSE)) | AE69: =IF(H69="","",HOUR(H69))
A70: =IF(G70="","",IF(G70=G69,"",COUNTIF($G$3:$G$976,G70))) | C70: =IF(G70="","",DAY(G70)) | D70: =IF(G70="","",MONTH(G70)) | E70: =IF(G70="","",YEAR(G70)) | F70: =IF(G70="","",CHOOSE(MONTH(G70),"Janeiro","Fevereiro","Março","Abril","Maio","Junho","Julho","Agosto","Setembro","Outubro","Novembro","Dezembro")) | G70: 46055 | H70: 0.031331019 | I70: https://docs.google.com/spreadsheets/d/1ZiCGoPjLCjuYvujDTXK9Ixbth3tekiLtFBzBrGjPCr4/edit?gid=0#gid=0 | J70: Evento Raro - [ER] | L70: FALSE | N70: =IF($J70="","",IFERROR(INDEX(B!$F$2:$F$61,MATCH($J70,B!$E$2:$E$61,0))&"","")) | O70: =IF($J70="","",IFERROR(INDEX(B!$G$2:$G$61,MATCH($J70,B!$E$2:$E$61,0))&"","")) | P70: =IF($J70="","",IFERROR(INDEX(B!$H$2:$H$61,MATCH($J70,B!$E$2:$E$61,0))&"","")) | Q70: =IF($J70="","",IFERROR(INDEX(B!$I$2:$I$61,MATCH($J70,B!$E$2:$E$61,0))&"","")) | R70: =IF($J70="","",IFERROR(INDEX(B!$J$2:$J$61,MATCH($J70,B!$E$2:$E$61,0))&"","")) | S70: =IF($J70="","",IFERROR(INDEX(B!$K$2:$K$61,MATCH($J70,B!$E$2:$E$61,0))&"","")) | T70: =IF($J70="","",IFERROR(INDEX(B!$L$2:$L$61,MATCH($J70,B!$E$2:$E$61,0))&"","")) | V70: =IF($J70="","",IFERROR(INDEX(B!$M$2:$M$61,MATCH($J70,B!$E$2:$E$61,0))&"","")) | W70: =IF(I70="","",IFERROR(MID(I70,FIND("/d/",I70)+3,FIND("/edit",I70)-FIND("/d/",I70)-3),I70)) | X70: =IF($J70="","",IFERROR(INDEX(B!$C$2:$C$61,MATCH($J70,B!$E$2:$E$61,0))&"","")) | Z70: =IF($J70="",FALSE,ISNUMBER(SEARCH("scout",$K70))) | AA70: =IF($J70="",FALSE,IFERROR(INDEX(B!$N$2:$N$61,MATCH($J70,B!$E$2:$E$61,0))="Sim",FALSE)) | AB70: =IF($J70="",FALSE,LEFT($X70,2)="XX") | AC70: =IF($J70="",FALSE,IFERROR(INDEX(B!$P$2:$P$61,MATCH($J70,B!$E$2:$E$61,0))="Sim",FALSE)) | AE70: =IF(H70="","",HOUR(H70))
A71: =IF(G71="","",IF(G71=G70,"",COUNTIF($G$3:$G$976,G71))) | C71: =IF(G71="","",DAY(G71)) | D71: =IF(G71="","",MONTH(G71)) | E71: =IF(G71="","",YEAR(G71)) | F71: =IF(G71="","",CHOOSE(MONTH(G71),"Janeiro","Fevereiro","Março","Abril","Maio","Junho","Julho","Agosto","Setembro","Outubro","Novembro","Dezembro")) | G71: 46055 | H71: 0.038842593 | I71: https://docs.google.com/spreadsheets/d/1ZiCGoPjLCjuYvujDTXK9Ixbth3tekiLtFBzBrGjPCr4/edit?gid=0#gid=0 | J71: Comprovante de Pagamento - [CP] | L71: TRUE | N71: =IF($J71="","",IFERROR(INDEX(B!$F$2:$F$61,MATCH($J71,B!$E$2:$E$61,0))&"","")) | O71: =IF($J71="","",IFERROR(INDEX(B!$G$2:$G$61,MATCH($J71,B!$E$2:$E$61,0))&"","")) | P71: =IF($J71="","",IFERROR(INDEX(B!$H$2:$H$61,MATCH($J71,B!$E$2:$E$61,0))&"","")) | Q71: =IF($J71="","",IFERROR(INDEX(B!$I$2:$I$61,MATCH($J71,B!$E$2:$E$61,0))&"","")) | R71: =IF($J71="","",IFERROR(INDEX(B!$J$2:$J$61,MATCH($J71,B!$E$2:$E$61,0))&"","")) | S71: =IF($J71="","",IFERROR(INDEX(B!$K$2:$K$61,MATCH($J71,B!$E$2:$E$61,0))&"","")) | T71: =IF($J71="","",IFERROR(INDEX(B!$L$2:$L$61,MATCH($J71,B!$E$2:$E$61,0))&"","")) | V71: =IF($J71="","",IFERROR(INDEX(B!$M$2:$M$61,MATCH($J71,B!$E$2:$E$61,0))&"","")) | W71: =IF(I71="","",IFERROR(MID(I71,FIND("/d/",I71)+3,FIND("/edit",I71)-FIND("/d/",I71)-3),I71)) | X71: =IF($J71="","",IFERROR(INDEX(B!$C$2:$C$61,MATCH($J71,B!$E$2:$E$61,0))&"","")) | Z71: =IF($J71="",FALSE,ISNUMBER(SEARCH("scout",$K71))) | AA71: =IF($J71="",FALSE,IFERROR(INDEX(B!$N$2:$N$61,MATCH($J71,B!$E$2:$E$61,0))="Sim",FALSE)) | AB71: =IF($J71="",FALSE,LEFT($X71,2)="XX") | AC71: =IF($J71="",FALSE,IFERROR(INDEX(B!$P$2:$P$61,MATCH($J71,B!$E$2:$E$61,0))="Sim",FALSE)) | AE71: =IF(H71="","",HOUR(H71))
A72: =IF(G72="","",IF(G72=G71,"",COUNTIF($G$3:$G$976,G72))) | C72: =IF(G72="","",DAY(G72)) | D72: =IF(G72="","",MONTH(G72)) | E72: =IF(G72="","",YEAR(G72)) | F72: =IF(G72="","",CHOOSE(MONTH(G72),"Janeiro","Fevereiro","Março","Abril","Maio","Junho","Julho","Agosto","Setembro","Outubro","Novembro","Dezembro")) | G72: 46055 | H72: 0.052893519 | I72: https://docs.google.com/spreadsheets/d/1ZiCGoPjLCjuYvujDTXK9Ixbth3tekiLtFBzBrGjPCr4/edit?gid=0#gid=0 | J72: No Need Response (Não precisa de resposta) - [NRN] | L72: FALSE | N72: =IF($J72="","",IFERROR(INDEX(B!$F$2:$F$61,MATCH($J72,B!$E$2:$E$61,0))&"","")) | O72: =IF($J72="","",IFERROR(INDEX(B!$G$2:$G$61,MATCH($J72,B!$E$2:$E$61,0))&"","")) | P72: =IF($J72="","",IFERROR(INDEX(B!$H$2:$H$61,MATCH($J72,B!$E$2:$E$61,0))&"","")) | Q72: =IF($J72="","",IFERROR(INDEX(B!$I$2:$I$61,MATCH($J72,B!$E$2:$E$61,0))&"","")) | R72: =IF($J72="","",IFERROR(INDEX(B!$J$2:$J$61,MATCH($J72,B!$E$2:$E$61,0))&"","")) | S72: =IF($J72="","",IFERROR(INDEX(B!$K$2:$K$61,MATCH($J72,B!$E$2:$E$61,0))&"","")) | T72: =IF($J72="","",IFERROR(INDEX(B!$L$2:$L$61,MATCH($J72,B!$E$2:$E$61,0))&"","")) | V72: =IF($J72="","",IFERROR(INDEX(B!$M$2:$M$61,MATCH($J72,B!$E$2:$E$61,0))&"","")) | W72: =IF(I72="","",IFERROR(MID(I72,FIND("/d/",I72)+3,FIND("/edit",I72)-FIND("/d/",I72)-3),I72)) | X72: =IF($J72="","",IFERROR(INDEX(B!$C$2:$C$61,MATCH($J72,B!$E$2:$E$61,0))&"","")) | Z72: =IF($J72="",FALSE,ISNUMBER(SEARCH("scout",$K72))) | AA72: =IF($J72="",FALSE,IFERROR(INDEX(B!$N$2:$N$61,MATCH($J72,B!$E$2:$E$61,0))="Sim",FALSE)) | AB72: =IF($J72="",FALSE,LEFT($X72,2)="XX") | AC72: =IF($J72="",FALSE,IFERROR(INDEX(B!$P$2:$P$61,MATCH($J72,B!$E$2:$E$61,0))="Sim",FALSE)) | AE72: =IF(H72="","",HOUR(H72))
A73: =IF(G73="","",IF(G73=G72,"",COUNTIF($G$3:$G$976,G73))) | C73: =IF(G73="","",DAY(G73)) | D73: =IF(G73="","",MONTH(G73)) | E73: =IF(G73="","",YEAR(G73)) | F73: =IF(G73="","",CHOOSE(MONTH(G73),"Janeiro","Fevereiro","Março","Abril","Maio","Junho","Julho","Agosto","Setembro","Outubro","Novembro","Dezembro")) | G73: 46055 | H73: 0.055972222 | I73: https://docs.google.com/spreadsheets/d/1ZiCGoPjLCjuYvujDTXK9Ixbth3tekiLtFBzBrGjPCr4/edit?gid=0#gid=0 | J73: Trajeto Ruim - [TR] | K73: Scout | L73: FALSE | N73: =IF($J73="","",IFERROR(INDEX(B!$F$2:$F$61,MATCH($J73,B!$E$2:$E$61,0))&"","")) | O73: =IF($J73="","",IFERROR(INDEX(B!$G$2:$G$61,MATCH($J73,B!$E$2:$E$61,0))&"","")) | P73: =IF($J73="","",IFERROR(INDEX(B!$H$2:$H$61,MATCH($J73,B!$E$2:$E$61,0))&"","")) | Q73: =IF($J73="","",IFERROR(INDEX(B!$I$2:$I$61,MATCH($J73,B!$E$2:$E$61,0))&"","")) | R73: =IF($J73="","",IFERROR(INDEX(B!$J$2:$J$61,MATCH($J73,B!$E$2:$E$61,0))&"","")) | S73: =IF($J73="","",IFERROR(INDEX(B!$K$2:$K$61,MATCH($J73,B!$E$2:$E$61,0))&"","")) | T73: =IF($J73="","",IFERROR(INDEX(B!$L$2:$L$61,MATCH($J73,B!$E$2:$E$61,0))&"","")) | V73: =IF($J73="","",IFERROR(INDEX(B!$M$2:$M$61,MATCH($J73,B!$E$2:$E$61,0))&"","")) | W73: =IF(I73="","",IFERROR(MID(I73,FIND("/d/",I73)+3,FIND("/edit",I73)-FIND("/d/",I73)-3),I73)) | X73: =IF($J73="","",IFERROR(INDEX(B!$C$2:$C$61,MATCH($J73,B!$E$2:$E$61,0))&"","")) | Z73: =IF($J73="",FALSE,ISNUMBER(SEARCH("scout",$K73))) | AA73: =IF($J73="",FALSE,IFERROR(INDEX(B!$N$2:$N$61,MATCH($J73,B!$E$2:$E$61,0))="Sim",FALSE)) | AB73: =IF($J73="",FALSE,LEFT($X73,2)="XX") | AC73: =IF($J73="",FALSE,IFERROR(INDEX(B!$P$2:$P$61,MATCH($J73,B!$E$2:$E$61,0))="Sim",FALSE)) | AE73: =IF(H73="","",HOUR(H73))
A74: =IF(G74="","",IF(G74=G73,"",COUNTIF($G$3:$G$976,G74))) | C74: =IF(G74="","",DAY(G74)) | D74: =IF(G74="","",MONTH(G74)) | E74: =IF(G74="","",YEAR(G74)) | F74: =IF(G74="","",CHOOSE(MONTH(G74),"Janeiro","Fevereiro","Março","Abril","Maio","Junho","Julho","Agosto","Setembro","Outubro","Novembro","Dezembro")) | G74: 46055 | H74: 0.093958333 | I74: https://docs.google.com/spreadsheets/d/1ZiCGoPjLCjuYvujDTXK9Ixbth3tekiLtFBzBrGjPCr4/edit?gid=0#gid=0 | J74: Transferência de LOB (Driver) - [TIDV] | L74: FALSE | N74: =IF($J74="","",IFERROR(INDEX(B!$F$2:$F$61,MATCH($J74,B!$E$2:$E$61,0))&"","")) | O74: =IF($J74="","",IFERROR(INDEX(B!$G$2:$G$61,MATCH($J74,B!$E$2:$E$61,0))&"","")) | P74: =IF($J74="","",IFERROR(INDEX(B!$H$2:$H$61,MATCH($J74,B!$E$2:$E$61,0))&"","")) | Q74: =IF($J74="","",IFERROR(INDEX(B!$I$2:$I$61,MATCH($J74,B!$E$2:$E$61,0))&"","")) | R74: =IF($J74="","",IFERROR(INDEX(B!$J$2:$J$61,MATCH($J74,B!$E$2:$E$61,0))&"","")) | S74: =IF($J74="","",IFERROR(INDEX(B!$K$2:$K$61,MATCH($J74,B!$E$2:$E$61,0))&"","")) | T74: =IF($J74="","",IFERROR(INDEX(B!$L$2:$L$61,MATCH($J74,B!$E$2:$E$61,0))&"","")) | V74: =IF($J74="","",IFERROR(INDEX(B!$M$2:$M$61,MATCH($J74,B!$E$2:$E$61,0))&"","")) | W74: =IF(I74="","",IFERROR(MID(I74,FIND("/d/",I74)+3,FIND("/edit",I74)-FIND("/d/",I74)-3),I74)) | X74: =IF($J74="","",IFERROR(INDEX(B!$C$2:$C$61,MATCH($J74,B!$E$2:$E$61,0))&"","")) | Z74: =IF($J74="",FALSE,ISNUMBER(SEARCH("scout",$K74))) | AA74: =IF($J74="",FALSE,IFERROR(INDEX(B!$N$2:$N$61,MATCH($J74,B!$E$2:$E$61,0))="Sim",FALSE)) | AB74: =IF($J74="",FALSE,LEFT($X74,2)="XX") | AC74: =IF($J74="",FALSE,IFERROR(INDEX(B!$P$2:$P$61,MATCH($J74,B!$E$2:$E$61,0))="Sim",FALSE)) | AE74: =IF(H74="","",HOUR(H74))
A75: =IF(G75="","",IF(G75=G74,"",COUNTIF($G$3:$G$976,G75))) | C75: =IF(G75="","",DAY(G75)) | D75: =IF(G75="","",MONTH(G75)) | E75: =IF(G75="","",YEAR(G75)) | F75: =IF(G75="","",CHOOSE(MONTH(G75),"Janeiro","Fevereiro","Março","Abril","Maio","Junho","Julho","Agosto","Setembro","Outubro","Novembro","Dezembro")) | G75: 46055 | H75: 0.094224537 | I75: https://docs.google.com/spreadsheets/d/1ZiCGoPjLCjuYvujDTXK9Ixbth3tekiLtFBzBrGjPCr4/edit?gid=0#gid=0 | J75: Mais informações (Quanto Pagou?) - [AAV] | K75: Scout | L75: TRUE | N75: =IF($J75="","",IFERROR(INDEX(B!$F$2:$F$61,MATCH($J75,B!$E$2:$E$61,0))&"","")) | O75: =IF($J75="","",IFERROR(INDEX(B!$G$2:$G$61,MATCH($J75,B!$E$2:$E$61,0))&"","")) | P75: =IF($J75="","",IFERROR(INDEX(B!$H$2:$H$61,MATCH($J75,B!$E$2:$E$61,0))&"","")) | Q75: =IF($J75="","",IFERROR(INDEX(B!$I$2:$I$61,MATCH($J75,B!$E$2:$E$61,0))&"","")) | R75: =IF($J75="","",IFERROR(INDEX(B!$J$2:$J$61,MATCH($J75,B!$E$2:$E$61,0))&"","")) | S75: =IF($J75="","",IFERROR(INDEX(B!$K$2:$K$61,MATCH($J75,B!$E$2:$E$61,0))&"","")) | T75: =IF($J75="","",IFERROR(INDEX(B!$L$2:$L$61,MATCH($J75,B!$E$2:$E$61,0))&"","")) | V75: =IF($J75="","",IFERROR(INDEX(B!$M$2:$M$61,MATCH($J75,B!$E$2:$E$61,0))&"","")) | W75: =IF(I75="","",IFERROR(MID(I75,FIND("/d/",I75)+3,FIND("/edit",I75)-FIND("/d/",I75)-3),I75)) | X75: =IF($J75="","",IFERROR(INDEX(B!$C$2:$C$61,MATCH($J75,B!$E$2:$E$61,0))&"","")) | Z75: =IF($J75="",FALSE,ISNUMBER(SEARCH("scout",$K75))) | AA75: =IF($J75="",FALSE,IFERROR(INDEX(B!$N$2:$N$61,MATCH($J75,B!$E$2:$E$61,0))="Sim",FALSE)) | AB75: =IF($J75="",FALSE,LEFT($X75,2)="XX") | AC75: =IF($J75="",FALSE,IFERROR(INDEX(B!$P$2:$P$61,MATCH($J75,B!$E$2:$E$61,0))="Sim",FALSE)) | AE75: =IF(H75="","",HOUR(H75))
A76: =IF(G76="","",IF(G76=G75,"",COUNTIF($G$3:$G$976,G76))) | C76: =IF(G76="","",DAY(G76)) | D76: =IF(G76="","",MONTH(G76)) | E76: =IF(G76="","",YEAR(G76)) | F76: =IF(G76="","",CHOOSE(MONTH(G76),"Janeiro","Fevereiro","Março","Abril","Maio","Junho","Julho","Agosto","Setembro","Outubro","Novembro","Dezembro")) | G76: 46055 | H76: 0.097407407 | I76: https://docs.google.com/spreadsheets/d/1ZiCGoPjLCjuYvujDTXK9Ixbth3tekiLtFBzBrGjPCr4/edit?gid=0#gid=0 | J76: Transferência de LOB (Accounts) - [TIAC] | L76: FALSE | N76: =IF($J76="","",IFERROR(INDEX(B!$F$2:$F$61,MATCH($J76,B!$E$2:$E$61,0))&"","")) | O76: =IF($J76="","",IFERROR(INDEX(B!$G$2:$G$61,MATCH($J76,B!$E$2:$E$61,0))&"","")) | P76: =IF($J76="","",IFERROR(INDEX(B!$H$2:$H$61,MATCH($J76,B!$E$2:$E$61,0))&"","")) | Q76: =IF($J76="","",IFERROR(INDEX(B!$I$2:$I$61,MATCH($J76,B!$E$2:$E$61,0))&"","")) | R76: =IF($J76="","",IFERROR(INDEX(B!$J$2:$J$61,MATCH($J76,B!$E$2:$E$61,0))&"","")) | S76: =IF($J76="","",IFERROR(INDEX(B!$K$2:$K$61,MATCH($J76,B!$E$2:$E$61,0))&"","")) | T76: =IF($J76="","",IFERROR(INDEX(B!$L$2:$L$61,MATCH($J76,B!$E$2:$E$61,0))&"","")) | V76: =IF($J76="","",IFERROR(INDEX(B!$M$2:$M$61,MATCH($J76,B!$E$2:$E$61,0))&"","")) | W76: =IF(I76="","",IFERROR(MID(I76,FIND("/d/",I76)+3,FIND("/edit",I76)-FIND("/d/",I76)-3),I76)) | X76: =IF($J76="","",IFERROR(INDEX(B!$C$2:$C$61,MATCH($J76,B!$E$2:$E$61,0))&"","")) | Z76: =IF($J76="",FALSE,ISNUMBER(SEARCH("scout",$K76))) | AA76: =IF($J76="",FALSE,IFERROR(INDEX(B!$N$2:$N$61,MATCH($J76,B!$E$2:$E$61,0))="Sim",FALSE)) | AB76: =IF($J76="",FALSE,LEFT($X76,2)="XX") | AC76: =IF($J76="",FALSE,IFERROR(INDEX(B!$P$2:$P$61,MATCH($J76,B!$E$2:$E$61,0))="Sim",FALSE)) | AE76: =IF(H76="","",HOUR(H76))
A77: =IF(G77="","",IF(G77=G76,"",COUNTIF($G$3:$G$976,G77))) | C77: =IF(G77="","",DAY(G77)) | D77: =IF(G77="","",MONTH(G77)) | E77: =IF(G77="","",YEAR(G77)) | F77: =IF(G77="","",CHOOSE(MONTH(G77),"Janeiro","Fevereiro","Março","Abril","Maio","Junho","Julho","Agosto","Setembro","Outubro","Novembro","Dezembro")) | G77: 46056 | H77: 0.0005787037 | I77: https://docs.google.com/spreadsheets/d/1ZiCGoPjLCjuYvujDTXK9Ixbth3tekiLtFBzBrGjPCr4/edit?gid=0#gid=0 | J77: Transferência de LOB (Geral não especificado) - [TI] | L77: FALSE | N77: =IF($J77="","",IFERROR(INDEX(B!$F$2:$F$61,MATCH($J77,B!$E$2:$E$61,0))&"","")) | O77: =IF($J77="","",IFERROR(INDEX(B!$G$2:$G$61,MATCH($J77,B!$E$2:$E$61,0))&"","")) | P77: =IF($J77="","",IFERROR(INDEX(B!$H$2:$H$61,MATCH($J77,B!$E$2:$E$61,0))&"","")) | Q77: =IF($J77="","",IFERROR(INDEX(B!$I$2:$I$61,MATCH($J77,B!$E$2:$E$61,0))&"","")) | R77: =IF($J77="","",IFERROR(INDEX(B!$J$2:$J$61,MATCH($J77,B!$E$2:$E$61,0))&"","")) | S77: =IF($J77="","",IFERROR(INDEX(B!$K$2:$K$61,MATCH($J77,B!$E$2:$E$61,0))&"","")) | T77: =IF($J77="","",IFERROR(INDEX(B!$L$2:$L$61,MATCH($J77,B!$E$2:$E$61,0))&"","")) | V77: =IF($J77="","",IFERROR(INDEX(B!$M$2:$M$61,MATCH($J77,B!$E$2:$E$61,0))&"","")) | W77: =IF(I77="","",IFERROR(MID(I77,FIND("/d/",I77)+3,FIND("/edit",I77)-FIND("/d/",I77)-3),I77)) | X77: =IF($J77="","",IFERROR(INDEX(B!$C$2:$C$61,MATCH($J77,B!$E$2:$E$61,0))&"","")) | Z77: =IF($J77="",FALSE,ISNUMBER(SEARCH("scout",$K77))) | AA77: =IF($J77="",FALSE,IFERROR(INDEX(B!$N$2:$N$61,MATCH($J77,B!$E$2:$E$61,0))="Sim",FALSE)) | AB77: =IF($J77="",FALSE,LEFT($X77,2)="XX") | AC77: =IF($J77="",FALSE,IFERROR(INDEX(B!$P$2:$P$61,MATCH($J77,B!$E$2:$E$61,0))="Sim",FALSE)) | AE77: =IF(H77="","",HOUR(H77))
A78: =IF(G78="","",IF(G78=G77,"",COUNTIF($G$3:$G$976,G78))) | C78: =IF(G78="","",DAY(G78)) | D78: =IF(G78="","",MONTH(G78)) | E78: =IF(G78="","",YEAR(G78)) | F78: =IF(G78="","",CHOOSE(MONTH(G78),"Janeiro","Fevereiro","Março","Abril","Maio","Junho","Julho","Agosto","Setembro","Outubro","Novembro","Dezembro")) | G78: 46056 | H78: 0.013206019 | I78: https://docs.google.com/spreadsheets/d/1ZiCGoPjLCjuYvujDTXK9Ixbth3tekiLtFBzBrGjPCr4/edit?gid=0#gid=0 | J78: Pushback - [XX] | L78: FALSE | N78: =IF($J78="","",IFERROR(INDEX(B!$F$2:$F$61,MATCH($J78,B!$E$2:$E$61,0))&"","")) | O78: =IF($J78="","",IFERROR(INDEX(B!$G$2:$G$61,MATCH($J78,B!$E$2:$E$61,0))&"","")) | P78: =IF($J78="","",IFERROR(INDEX(B!$H$2:$H$61,MATCH($J78,B!$E$2:$E$61,0))&"","")) | Q78: =IF($J78="","",IFERROR(INDEX(B!$I$2:$I$61,MATCH($J78,B!$E$2:$E$61,0))&"","")) | R78: =IF($J78="","",IFERROR(INDEX(B!$J$2:$J$61,MATCH($J78,B!$E$2:$E$61,0))&"","")) | S78: =IF($J78="","",IFERROR(INDEX(B!$K$2:$K$61,MATCH($J78,B!$E$2:$E$61,0))&"","")) | T78: =IF($J78="","",IFERROR(INDEX(B!$L$2:$L$61,MATCH($J78,B!$E$2:$E$61,0))&"","")) | V78: =IF($J78="","",IFERROR(INDEX(B!$M$2:$M$61,MATCH($J78,B!$E$2:$E$61,0))&"","")) | W78: =IF(I78="","",IFERROR(MID(I78,FIND("/d/",I78)+3,FIND("/edit",I78)-FIND("/d/",I78)-3),I78)) | X78: =IF($J78="","",IFERROR(INDEX(B!$C$2:$C$61,MATCH($J78,B!$E$2:$E$61,0))&"","")) | Z78: =IF($J78="",FALSE,ISNUMBER(SEARCH("scout",$K78))) | AA78: =IF($J78="",FALSE,IFERROR(INDEX(B!$N$2:$N$61,MATCH($J78,B!$E$2:$E$61,0))="Sim",FALSE)) | AB78: =IF($J78="",FALSE,LEFT($X78,2)="XX") | AC78: =IF($J78="",FALSE,IFERROR(INDEX(B!$P$2:$P$61,MATCH($J78,B!$E$2:$E$61,0))="Sim",FALSE)) | AE78: =IF(H78="","",HOUR(H78))
A79: =IF(G79="","",IF(G79=G78,"",COUNTIF($G$3:$G$976,G79))) | C79: =IF(G79="","",DAY(G79)) | D79: =IF(G79="","",MONTH(G79)) | E79: =IF(G79="","",YEAR(G79)) | F79: =IF(G79="","",CHOOSE(MONTH(G79),"Janeiro","Fevereiro","Março","Abril","Maio","Junho","Julho","Agosto","Setembro","Outubro","Novembro","Dezembro")) | G79: 46056 | H79: 0.013541667 | I79: https://docs.google.com/spreadsheets/d/1ZiCGoPjLCjuYvujDTXK9Ixbth3tekiLtFBzBrGjPCr4/edit?gid=0#gid=0 | J79: Taxa de Cancelamento - [TXC] | L79: FALSE | N79: =IF($J79="","",IFERROR(INDEX(B!$F$2:$F$61,MATCH($J79,B!$E$2:$E$61,0))&"","")) | O79: =IF($J79="","",IFERROR(INDEX(B!$G$2:$G$61,MATCH($J79,B!$E$2:$E$61,0))&"","")) | P79: =IF($J79="","",IFERROR(INDEX(B!$H$2:$H$61,MATCH($J79,B!$E$2:$E$61,0))&"","")) | Q79: =IF($J79="","",IFERROR(INDEX(B!$I$2:$I$61,MATCH($J79,B!$E$2:$E$61,0))&"","")) | R79: =IF($J79="","",IFERROR(INDEX(B!$J$2:$J$61,MATCH($J79,B!$E$2:$E$61,0))&"","")) | S79: =IF($J79="","",IFERROR(INDEX(B!$K$2:$K$61,MATCH($J79,B!$E$2:$E$61,0))&"","")) | T79: =IF($J79="","",IFERROR(INDEX(B!$L$2:$L$61,MATCH($J79,B!$E$2:$E$61,0))&"","")) | V79: =IF($J79="","",IFERROR(INDEX(B!$M$2:$M$61,MATCH($J79,B!$E$2:$E$61,0))&"","")) | W79: =IF(I79="","",IFERROR(MID(I79,FIND("/d/",I79)+3,FIND("/edit",I79)-FIND("/d/",I79)-3),I79)) | X79: =IF($J79="","",IFERROR(INDEX(B!$C$2:$C$61,MATCH($J79,B!$E$2:$E$61,0))&"","")) | Z79: =IF($J79="",FALSE,ISNUMBER(SEARCH("scout",$K79))) | AA79: =IF($J79="",FALSE,IFERROR(INDEX(B!$N$2:$N$61,MATCH($J79,B!$E$2:$E$61,0))="Sim",FALSE)) | AB79: =IF($J79="",FALSE,LEFT($X79,2)="XX") | AC79: =IF($J79="",FALSE,IFERROR(INDEX(B!$P$2:$P$61,MATCH($J79,B!$E$2:$E$61,0))="Sim",FALSE)) | AE79: =IF(H79="","",HOUR(H79))
A80: =IF(G80="","",IF(G80=G79,"",COUNTIF($G$3:$G$976,G80))) | C80: =IF(G80="","",DAY(G80)) | D80: =IF(G80="","",MONTH(G80)) | E80: =IF(G80="","",YEAR(G80)) | F80: =IF(G80="","",CHOOSE(MONTH(G80),"Janeiro","Fevereiro","Março","Abril","Maio","Junho","Julho","Agosto","Setembro","Outubro","Novembro","Dezembro")) | G80: 46056 | H80: 0.017268519 | I80: https://docs.google.com/spreadsheets/d/1ZiCGoPjLCjuYvujDTXK9Ixbth3tekiLtFBzBrGjPCr4/edit?gid=0#gid=0 | J80: Taxa de Cancelamento - [TXC] | L80: FALSE | N80: =IF($J80="","",IFERROR(INDEX(B!$F$2:$F$61,MATCH($J80,B!$E$2:$E$61,0))&"","")) | O80: =IF($J80="","",IFERROR(INDEX(B!$G$2:$G$61,MATCH($J80,B!$E$2:$E$61,0))&"","")) | P80: =IF($J80="","",IFERROR(INDEX(B!$H$2:$H$61,MATCH($J80,B!$E$2:$E$61,0))&"","")) | Q80: =IF($J80="","",IFERROR(INDEX(B!$I$2:$I$61,MATCH($J80,B!$E$2:$E$61,0))&"","")) | R80: =IF($J80="","",IFERROR(INDEX(B!$J$2:$J$61,MATCH($J80,B!$E$2:$E$61,0))&"","")) | S80: =IF($J80="","",IFERROR(INDEX(B!$K$2:$K$61,MATCH($J80,B!$E$2:$E$61,0))&"","")) | T80: =IF($J80="","",IFERROR(INDEX(B!$L$2:$L$61,MATCH($J80,B!$E$2:$E$61,0))&"","")) | V80: =IF($J80="","",IFERROR(INDEX(B!$M$2:$M$61,MATCH($J80,B!$E$2:$E$61,0))&"","")) | W80: =IF(I80="","",IFERROR(MID(I80,FIND("/d/",I80)+3,FIND("/edit",I80)-FIND("/d/",I80)-3),I80)) | X80: =IF($J80="","",IFERROR(INDEX(B!$C$2:$C$61,MATCH($J80,B!$E$2:$E$61,0))&"","")) | Z80: =IF($J80="",FALSE,ISNUMBER(SEARCH("scout",$K80))) | AA80: =IF($J80="",FALSE,IFERROR(INDEX(B!$N$2:$N$61,MATCH($J80,B!$E$2:$E$61,0))="Sim",FALSE)) | AB80: =IF($J80="",FALSE,LEFT($X80,2)="XX") | AC80: =IF($J80="",FALSE,IFERROR(INDEX(B!$P$2:$P$61,MATCH($J80,B!$E$2:$E$61,0))="Sim",FALSE)) | AE80: =IF(H80="","",HOUR(H80))
A81: =IF(G81="","",IF(G81=G80,"",COUNTIF($G$3:$G$976,G81))) | C81: =IF(G81="","",DAY(G81)) | D81: =IF(G81="","",MONTH(G81)) | E81: =IF(G81="","",YEAR(G81)) | F81: =IF(G81="","",CHOOSE(MONTH(G81),"Janeiro","Fevereiro","Março","Abril","Maio","Junho","Julho","Agosto","Setembro","Outubro","Novembro","Dezembro")) | G81: 46056 | H81: 0.02443287 | I81: https://docs.google.com/spreadsheets/d/1ZiCGoPjLCjuYvujDTXK9Ixbth3tekiLtFBzBrGjPCr4/edit?gid=0#gid=0 | J81: Outros Valores Retidos (Pedágio, Cartão, Taxa de Cancelamento...) - [OTV] | L81: FALSE | N81: =IF($J81="","",IFERROR(INDEX(B!$F$2:$F$61,MATCH($J81,B!$E$2:$E$61,0))&"","")) | O81: =IF($J81="","",IFERROR(INDEX(B!$G$2:$G$61,MATCH($J81,B!$E$2:$E$61,0))&"","")) | P81: =IF($J81="","",IFERROR(INDEX(B!$H$2:$H$61,MATCH($J81,B!$E$2:$E$61,0))&"","")) | Q81: =IF($J81="","",IFERROR(INDEX(B!$I$2:$I$61,MATCH($J81,B!$E$2:$E$61,0))&"","")) | R81: =IF($J81="","",IFERROR(INDEX(B!$J$2:$J$61,MATCH($J81,B!$E$2:$E$61,0))&"","")) | S81: =IF($J81="","",IFERROR(INDEX(B!$K$2:$K$61,MATCH($J81,B!$E$2:$E$61,0))&"","")) | T81: =IF($J81="","",IFERROR(INDEX(B!$L$2:$L$61,MATCH($J81,B!$E$2:$E$61,0))&"","")) | V81: =IF($J81="","",IFERROR(INDEX(B!$M$2:$M$61,MATCH($J81,B!$E$2:$E$61,0))&"","")) | W81: =IF(I81="","",IFERROR(MID(I81,FIND("/d/",I81)+3,FIND("/edit",I81)-FIND("/d/",I81)-3),I81)) | X81: =IF($J81="","",IFERROR(INDEX(B!$C$2:$C$61,MATCH($J81,B!$E$2:$E$61,0))&"","")) | Z81: =IF($J81="",FALSE,ISNUMBER(SEARCH("scout",$K81))) | AA81: =IF($J81="",FALSE,IFERROR(INDEX(B!$N$2:$N$61,MATCH($J81,B!$E$2:$E$61,0))="Sim",FALSE)) | AB81: =IF($J81="",FALSE,LEFT($X81,2)="XX") | AC81: =IF($J81="",FALSE,IFERROR(INDEX(B!$P$2:$P$61,MATCH($J81,B!$E$2:$E$61,0))="Sim",FALSE)) | AE81: =IF(H81="","",HOUR(H81))
A82: =IF(G82="","",IF(G82=G81,"",COUNTIF($G$3:$G$976,G82))) | C82: =IF(G82="","",DAY(G82)) | D82: =IF(G82="","",MONTH(G82)) | E82: =IF(G82="","",YEAR(G82)) | F82: =IF(G82="","",CHOOSE(MONTH(G82),"Janeiro","Fevereiro","Março","Abril","Maio","Junho","Julho","Agosto","Setembro","Outubro","Novembro","Dezembro")) | G82: 46056 | H82: 0.024722222 | I82: https://docs.google.com/spreadsheets/d/1ZiCGoPjLCjuYvujDTXK9Ixbth3tekiLtFBzBrGjPCr4/edit?gid=0#gid=0 | J82: Transferência de LOB (Geral não especificado) - [TI] | L82: FALSE | N82: =IF($J82="","",IFERROR(INDEX(B!$F$2:$F$61,MATCH($J82,B!$E$2:$E$61,0))&"","")) | O82: =IF($J82="","",IFERROR(INDEX(B!$G$2:$G$61,MATCH($J82,B!$E$2:$E$61,0))&"","")) | P82: =IF($J82="","",IFERROR(INDEX(B!$H$2:$H$61,MATCH($J82,B!$E$2:$E$61,0))&"","")) | Q82: =IF($J82="","",IFERROR(INDEX(B!$I$2:$I$61,MATCH($J82,B!$E$2:$E$61,0))&"","")) | R82: =IF($J82="","",IFERROR(INDEX(B!$J$2:$J$61,MATCH($J82,B!$E$2:$E$61,0))&"","")) | S82: =IF($J82="","",IFERROR(INDEX(B!$K$2:$K$61,MATCH($J82,B!$E$2:$E$61,0))&"","")) | T82: =IF($J82="","",IFERROR(INDEX(B!$L$2:$L$61,MATCH($J82,B!$E$2:$E$61,0))&"","")) | V82: =IF($J82="","",IFERROR(INDEX(B!$M$2:$M$61,MATCH($J82,B!$E$2:$E$61,0))&"","")) | W82: =IF(I82="","",IFERROR(MID(I82,FIND("/d/",I82)+3,FIND("/edit",I82)-FIND("/d/",I82)-3),I82)) | X82: =IF($J82="","",IFERROR(INDEX(B!$C$2:$C$61,MATCH($J82,B!$E$2:$E$61,0))&"","")) | Z82: =IF($J82="",FALSE,ISNUMBER(SEARCH("scout",$K82))) | AA82: =IF($J82="",FALSE,IFERROR(INDEX(B!$N$2:$N$61,MATCH($J82,B!$E$2:$E$61,0))="Sim",FALSE)) | AB82: =IF($J82="",FALSE,LEFT($X82,2)="XX") | AC82: =IF($J82="",FALSE,IFERROR(INDEX(B!$P$2:$P$61,MATCH($J82,B!$E$2:$E$61,0))="Sim",FALSE)) | AE82: =IF(H82="","",HOUR(H82))
A83: =IF(G83="","",IF(G83=G82,"",COUNTIF($G$3:$G$976,G83))) | C83: =IF(G83="","",DAY(G83)) | D83: =IF(G83="","",MONTH(G83)) | E83: =IF(G83="","",YEAR(G83)) | F83: =IF(G83="","",CHOOSE(MONTH(G83),"Janeiro","Fevereiro","Março","Abril","Maio","Junho","Julho","Agosto","Setembro","Outubro","Novembro","Dezembro")) | G83: 46056 | H83: 0.025775463 | I83: https://docs.google.com/spreadsheets/d/1ZiCGoPjLCjuYvujDTXK9Ixbth3tekiLtFBzBrGjPCr4/edit?gid=0#gid=0 | J83: Transferência de LOB (Accounts) - [TIAC] | L83: FALSE | N83: =IF($J83="","",IFERROR(INDEX(B!$F$2:$F$61,MATCH($J83,B!$E$2:$E$61,0))&"","")) | O83: =IF($J83="","",IFERROR(INDEX(B!$G$2:$G$61,MATCH($J83,B!$E$2:$E$61,0))&"","")) | P83: =IF($J83="","",IFERROR(INDEX(B!$H$2:$H$61,MATCH($J83,B!$E$2:$E$61,0))&"","")) | Q83: =IF($J83="","",IFERROR(INDEX(B!$I$2:$I$61,MATCH($J83,B!$E$2:$E$61,0))&"","")) | R83: =IF($J83="","",IFERROR(INDEX(B!$J$2:$J$61,MATCH($J83,B!$E$2:$E$61,0))&"","")) | S83: =IF($J83="","",IFERROR(INDEX(B!$K$2:$K$61,MATCH($J83,B!$E$2:$E$61,0))&"","")) | T83: =IF($J83="","",IFERROR(INDEX(B!$L$2:$L$61,MATCH($J83,B!$E$2:$E$61,0))&"","")) | V83: =IF($J83="","",IFERROR(INDEX(B!$M$2:$M$61,MATCH($J83,B!$E$2:$E$61,0))&"","")) | W83: =IF(I83="","",IFERROR(MID(I83,FIND("/d/",I83)+3,FIND("/edit",I83)-FIND("/d/",I83)-3),I83)) | X83: =IF($J83="","",IFERROR(INDEX(B!$C$2:$C$61,MATCH($J83,B!$E$2:$E$61,0))&"","")) | Z83: =IF($J83="",FALSE,ISNUMBER(SEARCH("scout",$K83))) | AA83: =IF($J83="",FALSE,IFERROR(INDEX(B!$N$2:$N$61,MATCH($J83,B!$E$2:$E$61,0))="Sim",FALSE)) | AB83: =IF($J83="",FALSE,LEFT($X83,2)="XX") | AC83: =IF($J83="",FALSE,IFERROR(INDEX(B!$P$2:$P$61,MATCH($J83,B!$E$2:$E$61,0))="Sim",FALSE)) | AE83: =IF(H83="","",HOUR(H83))
A84: =IF(G84="","",IF(G84=G83,"",COUNTIF($G$3:$G$976,G84))) | C84: =IF(G84="","",DAY(G84)) | D84: =IF(G84="","",MONTH(G84)) | E84: =IF(G84="","",YEAR(G84)) | F84: =IF(G84="","",CHOOSE(MONTH(G84),"Janeiro","Fevereiro","Março","Abril","Maio","Junho","Julho","Agosto","Setembro","Outubro","Novembro","Dezembro")) | G84: 46056 | H84: 0.031006944 | I84: https://docs.google.com/spreadsheets/d/1ZiCGoPjLCjuYvujDTXK9Ixbth3tekiLtFBzBrGjPCr4/edit?gid=0#gid=0 | J84: Taxa de Limpeza, Reembolsado ao cliente - [TXLR] | L84: FALSE | N84: =IF($J84="","",IFERROR(INDEX(B!$F$2:$F$61,MATCH($J84,B!$E$2:$E$61,0))&"","")) | O84: =IF($J84="","",IFERROR(INDEX(B!$G$2:$G$61,MATCH($J84,B!$E$2:$E$61,0))&"","")) | P84: =IF($J84="","",IFERROR(INDEX(B!$H$2:$H$61,MATCH($J84,B!$E$2:$E$61,0))&"","")) | Q84: =IF($J84="","",IFERROR(INDEX(B!$I$2:$I$61,MATCH($J84,B!$E$2:$E$61,0))&"","")) | R84: =IF($J84="","",IFERROR(INDEX(B!$J$2:$J$61,MATCH($J84,B!$E$2:$E$61,0))&"","")) | S84: =IF($J84="","",IFERROR(INDEX(B!$K$2:$K$61,MATCH($J84,B!$E$2:$E$61,0))&"","")) | T84: =IF($J84="","",IFERROR(INDEX(B!$L$2:$L$61,MATCH($J84,B!$E$2:$E$61,0))&"","")) | V84: =IF($J84="","",IFERROR(INDEX(B!$M$2:$M$61,MATCH($J84,B!$E$2:$E$61,0))&"","")) | W84: =IF(I84="","",IFERROR(MID(I84,FIND("/d/",I84)+3,FIND("/edit",I84)-FIND("/d/",I84)-3),I84)) | X84: =IF($J84="","",IFERROR(INDEX(B!$C$2:$C$61,MATCH($J84,B!$E$2:$E$61,0))&"","")) | Z84: =IF($J84="",FALSE,ISNUMBER(SEARCH("scout",$K84))) | AA84: =IF($J84="",FALSE,IFERROR(INDEX(B!$N$2:$N$61,MATCH($J84,B!$E$2:$E$61,0))="Sim",FALSE)) | AB84: =IF($J84="",FALSE,LEFT($X84,2)="XX") | AC84: =IF($J84="",FALSE,IFERROR(INDEX(B!$P$2:$P$61,MATCH($J84,B!$E$2:$E$61,0))="Sim",FALSE)) | AE84: =IF(H84="","",HOUR(H84))
A85: =IF(G85="","",IF(G85=G84,"",COUNTIF($G$3:$G$976,G85))) | C85: =IF(G85="","",DAY(G85)) | D85: =IF(G85="","",MONTH(G85)) | E85: =IF(G85="","",YEAR(G85)) | F85: =IF(G85="","",CHOOSE(MONTH(G85),"Janeiro","Fevereiro","Março","Abril","Maio","Junho","Julho","Agosto","Setembro","Outubro","Novembro","Dezembro")) | G85: 46056 | H85: 0.031574074 | I85: https://docs.google.com/spreadsheets/d/1ZiCGoPjLCjuYvujDTXK9Ixbth3tekiLtFBzBrGjPCr4/edit?gid=0#gid=0 | J85: Taxa de Limpeza - [TXL] | L85: FALSE | N85: =IF($J85="","",IFERROR(INDEX(B!$F$2:$F$61,MATCH($J85,B!$E$2:$E$61,0))&"","")) | O85: =IF($J85="","",IFERROR(INDEX(B!$G$2:$G$61,MATCH($J85,B!$E$2:$E$61,0))&"","")) | P85: =IF($J85="","",IFERROR(INDEX(B!$H$2:$H$61,MATCH($J85,B!$E$2:$E$61,0))&"","")) | Q85: =IF($J85="","",IFERROR(INDEX(B!$I$2:$I$61,MATCH($J85,B!$E$2:$E$61,0))&"","")) | R85: =IF($J85="","",IFERROR(INDEX(B!$J$2:$J$61,MATCH($J85,B!$E$2:$E$61,0))&"","")) | S85: =IF($J85="","",IFERROR(INDEX(B!$K$2:$K$61,MATCH($J85,B!$E$2:$E$61,0))&"","")) | T85: =IF($J85="","",IFERROR(INDEX(B!$L$2:$L$61,MATCH($J85,B!$E$2:$E$61,0))&"","")) | V85: =IF($J85="","",IFERROR(INDEX(B!$M$2:$M$61,MATCH($J85,B!$E$2:$E$61,0))&"","")) | W85: =IF(I85="","",IFERROR(MID(I85,FIND("/d/",I85)+3,FIND("/edit",I85)-FIND("/d/",I85)-3),I85)) | X85: =IF($J85="","",IFERROR(INDEX(B!$C$2:$C$61,MATCH($J85,B!$E$2:$E$61,0))&"","")) | Z85: =IF($J85="",FALSE,ISNUMBER(SEARCH("scout",$K85))) | AA85: =IF($J85="",FALSE,IFERROR(INDEX(B!$N$2:$N$61,MATCH($J85,B!$E$2:$E$61,0))="Sim",FALSE)) | AB85: =IF($J85="",FALSE,LEFT($X85,2)="XX") | AC85: =IF($J85="",FALSE,IFERROR(INDEX(B!$P$2:$P$61,MATCH($J85,B!$E$2:$E$61,0))="Sim",FALSE)) | AE85: =IF(H85="","",HOUR(H85))
A86: =IF(G86="","",IF(G86=G85,"",COUNTIF($G$3:$G$976,G86))) | C86: =IF(G86="","",DAY(G86)) | D86: =IF(G86="","",MONTH(G86)) | E86: =IF(G86="","",YEAR(G86)) | F86: =IF(G86="","",CHOOSE(MONTH(G86),"Janeiro","Fevereiro","Março","Abril","Maio","Junho","Julho","Agosto","Setembro","Outubro","Novembro","Dezembro")) | G86: 46056 | H86: 0.034652778 | I86: https://docs.google.com/spreadsheets/d/1ZiCGoPjLCjuYvujDTXK9Ixbth3tekiLtFBzBrGjPCr4/edit?gid=0#gid=0 | J86: Taxa de Limpeza, Sem ajustes - [TXLO] | L86: FALSE | N86: =IF($J86="","",IFERROR(INDEX(B!$F$2:$F$61,MATCH($J86,B!$E$2:$E$61,0))&"","")) | O86: =IF($J86="","",IFERROR(INDEX(B!$G$2:$G$61,MATCH($J86,B!$E$2:$E$61,0))&"","")) | P86: =IF($J86="","",IFERROR(INDEX(B!$H$2:$H$61,MATCH($J86,B!$E$2:$E$61,0))&"","")) | Q86: =IF($J86="","",IFERROR(INDEX(B!$I$2:$I$61,MATCH($J86,B!$E$2:$E$61,0))&"","")) | R86: =IF($J86="","",IFERROR(INDEX(B!$J$2:$J$61,MATCH($J86,B!$E$2:$E$61,0))&"","")) | S86: =IF($J86="","",IFERROR(INDEX(B!$K$2:$K$61,MATCH($J86,B!$E$2:$E$61,0))&"","")) | T86: =IF($J86="","",IFERROR(INDEX(B!$L$2:$L$61,MATCH($J86,B!$E$2:$E$61,0))&"","")) | V86: =IF($J86="","",IFERROR(INDEX(B!$M$2:$M$61,MATCH($J86,B!$E$2:$E$61,0))&"","")) | W86: =IF(I86="","",IFERROR(MID(I86,FIND("/d/",I86)+3,FIND("/edit",I86)-FIND("/d/",I86)-3),I86)) | X86: =IF($J86="","",IFERROR(INDEX(B!$C$2:$C$61,MATCH($J86,B!$E$2:$E$61,0))&"","")) | Z86: =IF($J86="",FALSE,ISNUMBER(SEARCH("scout",$K86))) | AA86: =IF($J86="",FALSE,IFERROR(INDEX(B!$N$2:$N$61,MATCH($J86,B!$E$2:$E$61,0))="Sim",FALSE)) | AB86: =IF($J86="",FALSE,LEFT($X86,2)="XX") | AC86: =IF($J86="",FALSE,IFERROR(INDEX(B!$P$2:$P$61,MATCH($J86,B!$E$2:$E$61,0))="Sim",FALSE)) | AE86: =IF(H86="","",HOUR(H86))
A87: =IF(G87="","",IF(G87=G86,"",COUNTIF($G$3:$G$976,G87))) | C87: =IF(G87="","",DAY(G87)) | D87: =IF(G87="","",MONTH(G87)) | E87: =IF(G87="","",YEAR(G87)) | F87: =IF(G87="","",CHOOSE(MONTH(G87),"Janeiro","Fevereiro","Março","Abril","Maio","Junho","Julho","Agosto","Setembro","Outubro","Novembro","Dezembro")) | G87: 46056 | H87: 0.035821759 | I87: https://docs.google.com/spreadsheets/d/1ZiCGoPjLCjuYvujDTXK9Ixbth3tekiLtFBzBrGjPCr4/edit?gid=0#gid=0 | J87: Trajeto Ruim - [TR] | L87: FALSE | N87: =IF($J87="","",IFERROR(INDEX(B!$F$2:$F$61,MATCH($J87,B!$E$2:$E$61,0))&"","")) | O87: =IF($J87="","",IFERROR(INDEX(B!$G$2:$G$61,MATCH($J87,B!$E$2:$E$61,0))&"","")) | P87: =IF($J87="","",IFERROR(INDEX(B!$H$2:$H$61,MATCH($J87,B!$E$2:$E$61,0))&"","")) | Q87: =IF($J87="","",IFERROR(INDEX(B!$I$2:$I$61,MATCH($J87,B!$E$2:$E$61,0))&"","")) | R87: =IF($J87="","",IFERROR(INDEX(B!$J$2:$J$61,MATCH($J87,B!$E$2:$E$61,0))&"","")) | S87: =IF($J87="","",IFERROR(INDEX(B!$K$2:$K$61,MATCH($J87,B!$E$2:$E$61,0))&"","")) | T87: =IF($J87="","",IFERROR(INDEX(B!$L$2:$L$61,MATCH($J87,B!$E$2:$E$61,0))&"","")) | V87: =IF($J87="","",IFERROR(INDEX(B!$M$2:$M$61,MATCH($J87,B!$E$2:$E$61,0))&"","")) | W87: =IF(I87="","",IFERROR(MID(I87,FIND("/d/",I87)+3,FIND("/edit",I87)-FIND("/d/",I87)-3),I87)) | X87: =IF($J87="","",IFERROR(INDEX(B!$C$2:$C$61,MATCH($J87,B!$E$2:$E$61,0))&"","")) | Z87: =IF($J87="",FALSE,ISNUMBER(SEARCH("scout",$K87))) | AA87: =IF($J87="",FALSE,IFERROR(INDEX(B!$N$2:$N$61,MATCH($J87,B!$E$2:$E$61,0))="Sim",FALSE)) | AB87: =IF($J87="",FALSE,LEFT($X87,2)="XX") | AC87: =IF($J87="",FALSE,IFERROR(INDEX(B!$P$2:$P$61,MATCH($J87,B!$E$2:$E$61,0))="Sim",FALSE)) | AE87: =IF(H87="","",HOUR(H87))
... A92: =IF(G92="","",IF(G92=G91,"",COUNTIF($G$3:$G$976,G92))) | C92: =IF(G92="","",DAY(G92)) | D92: =IF(G92="","",MONTH(G92)) | E92: =IF(G92="","",YEAR(G92)) | F92: =IF(G92="","",CHOOSE(MONTH(G92),"Janeiro","Fevereiro","Março","Abril","Maio","Junho","Julho","Agosto","Setembro","Outubro","Novembro","Dezembro")) | G92: 46056 | H92: 0.061365741 | I92: https://docs.google.com/spreadsheets/d/1ZiCGoPjLCjuYvujDTXK9Ixbth3tekiLtFBzBrGjPCr4/edit?gid=0#gid=0 | J92: Evento Raro - [ER] | L92: FALSE | N92: =IF($J92="","",IFERROR(INDEX(B!$F$2:$F$61,MATCH($J92,B!$E$2:$E$61,0))&"","")) | O92: =IF($J92="","",IFERROR(INDEX(B!$G$2:$G$61,MATCH($J92,B!$E$2:$E$61,0))&"","")) | P92: =IF($J92="","",IFERROR(INDEX(B!$H$2:$H$61,MATCH($J92,B!$E$2:$E$61,0))&"","")) | Q92: =IF($J92="","",IFERROR(INDEX(B!$I$2:$I$61,MATCH($J92,B!$E$2:$E$61,0))&"","")) | R92: =IF($J92="","",IFERROR(INDEX(B!$J$2:$J$61,MATCH($J92,B!$E$2:$E$61,0))&"","")) | S92: =IF($J92="","",IFERROR(INDEX(B!$K$2:$K$61,MATCH($J92,B!$E$2:$E$61,0))&"","")) | T92: =IF($J92="","",IFERROR(INDEX(B!$L$2:$L$61,MATCH($J92,B!$E$2:$E$61,0))&"","")) | V92: =IF($J92="","",IFERROR(INDEX(B!$M$2:$M$61,MATCH($J92,B!$E$2:$E$61,0))&"","")) | W92: =IF(I92="","",IFERROR(MID(I92,FIND("/d/",I92)+3,FIND("/edit",I92)-FIND("/d/",I92)-3),I92)) | X92: =IF($J92="","",IFERROR(INDEX(B!$C$2:$C$61,MATCH($J92,B!$E$2:$E$61,0))&"","")) | Z92: =IF($J92="",FALSE,ISNUMBER(SEARCH("scout",$K92))) | AA92: =IF($J92="",FALSE,IFERROR(INDEX(B!$N$2:$N$61,MATCH($J92,B!$E$2:$E$61,0))="Sim",FALSE)) | AB92: =IF($J92="",FALSE,LEFT($X92,2)="XX") | AC92: =IF($J92="",FALSE,IFERROR(INDEX(B!$P$2:$P$61,MATCH($J92,B!$E$2:$E$61,0))="Sim",FALSE)) | AE92: =IF(H92="","",HOUR(H92))
A93: =IF(G93="","",IF(G93=G92,"",COUNTIF($G$3:$G$976,G93))) | C93: =IF(G93="","",DAY(G93)) | D93: =IF(G93="","",MONTH(G93)) | E93: =IF(G93="","",YEAR(G93)) | F93: =IF(G93="","",CHOOSE(MONTH(G93),"Janeiro","Fevereiro","Março","Abril","Maio","Junho","Julho","Agosto","Setembro","Outubro","Novembro","Dezembro")) | G93: 46056 | H93: 0.064039352 | I93: https://docs.google.com/spreadsheets/d/1ZiCGoPjLCjuYvujDTXK9Ixbth3tekiLtFBzBrGjPCr4/edit?gid=0#gid=0 | J93: Transferência de LOB (Accounts) - [TIAC] | K93: Scout | L93: FALSE | N93: =IF($J93="","",IFERROR(INDEX(B!$F$2:$F$61,MATCH($J93,B!$E$2:$E$61,0))&"","")) | O93: =IF($J93="","",IFERROR(INDEX(B!$G$2:$G$61,MATCH($J93,B!$E$2:$E$61,0))&"","")) | P93: =IF($J93="","",IFERROR(INDEX(B!$H$2:$H$61,MATCH($J93,B!$E$2:$E$61,0))&"","")) | Q93: =IF($J93="","",IFERROR(INDEX(B!$I$2:$I$61,MATCH($J93,B!$E$2:$E$61,0))&"","")) | R93: =IF($J93="","",IFERROR(INDEX(B!$J$2:$J$61,MATCH($J93,B!$E$2:$E$61,0))&"","")) | S93: =IF($J93="","",IFERROR(INDEX(B!$K$2:$K$61,MATCH($J93,B!$E$2:$E$61,0))&"","")) | T93: =IF($J93="","",IFERROR(INDEX(B!$L$2:$L$61,MATCH($J93,B!$E$2:$E$61,0))&"","")) | V93: =IF($J93="","",IFERROR(INDEX(B!$M$2:$M$61,MATCH($J93,B!$E$2:$E$61,0))&"","")) | W93: =IF(I93="","",IFERROR(MID(I93,FIND("/d/",I93)+3,FIND("/edit",I93)-FIND("/d/",I93)-3),I93)) | X93: =IF($J93="","",IFERROR(INDEX(B!$C$2:$C$61,MATCH($J93,B!$E$2:$E$61,0))&"","")) | Z93: =IF($J93="",FALSE,ISNUMBER(SEARCH("scout",$K93))) | AA93: =IF($J93="",FALSE,IFERROR(INDEX(B!$N$2:$N$61,MATCH($J93,B!$E$2:$E$61,0))="Sim",FALSE)) | AB93: =IF($J93="",FALSE,LEFT($X93,2)="XX") | AC93: =IF($J93="",FALSE,IFERROR(INDEX(B!$P$2:$P$61,MATCH($J93,B!$E$2:$E$61,0))="Sim",FALSE)) | AE93: =IF(H93="","",HOUR(H93))
A94: =IF(G94="","",IF(G94=G93,"",COUNTIF($G$3:$G$976,G94))) | C94: =IF(G94="","",DAY(G94)) | D94: =IF(G94="","",MONTH(G94)) | E94: =IF(G94="","",YEAR(G94)) | F94: =IF(G94="","",CHOOSE(MONTH(G94),"Janeiro","Fevereiro","Março","Abril","Maio","Junho","Julho","Agosto","Setembro","Outubro","Novembro","Dezembro")) | G94: 46056 | H94: 0.067002315 | I94: https://docs.google.com/spreadsheets/d/1ZiCGoPjLCjuYvujDTXK9Ixbth3tekiLtFBzBrGjPCr4/edit?gid=0#gid=0 | J94: Taxa de Limpeza, Sem ajustes - [TXLO] | K94: Scout | L94: FALSE | N94: =IF($J94="","",IFERROR(INDEX(B!$F$2:$F$61,MATCH($J94,B!$E$2:$E$61,0))&"","")) | O94: =IF($J94="","",IFERROR(INDEX(B!$G$2:$G$61,MATCH($J94,B!$E$2:$E$61,0))&"","")) | P94: =IF($J94="","",IFERROR(INDEX(B!$H$2:$H$61,MATCH($J94,B!$E$2:$E$61,0))&"","")) | Q94: =IF($J94="","",IFERROR(INDEX(B!$I$2:$I$61,MATCH($J94,B!$E$2:$E$61,0))&"","")) | R94: =IF($J94="","",IFERROR(INDEX(B!$J$2:$J$61,MATCH($J94,B!$E$2:$E$61,0))&"","")) | S94: =IF($J94="","",IFERROR(INDEX(B!$K$2:$K$61,MATCH($J94,B!$E$2:$E$61,0))&"","")) | T94: =IF($J94="","",IFERROR(INDEX(B!$L$2:$L$61,MATCH($J94,B!$E$2:$E$61,0))&"","")) | V94: =IF($J94="","",IFERROR(INDEX(B!$M$2:$M$61,MATCH($J94,B!$E$2:$E$61,0))&"","")) | W94: =IF(I94="","",IFERROR(MID(I94,FIND("/d/",I94)+3,FIND("/edit",I94)-FIND("/d/",I94)-3),I94)) | X94: =IF($J94="","",IFERROR(INDEX(B!$C$2:$C$61,MATCH($J94,B!$E$2:$E$61,0))&"","")) | Z94: =IF($J94="",FALSE,ISNUMBER(SEARCH("scout",$K94))) | AA94: =IF($J94="",FALSE,IFERROR(INDEX(B!$N$2:$N$61,MATCH($J94,B!$E$2:$E$61,0))="Sim",FALSE)) | AB94: =IF($J94="",FALSE,LEFT($X94,2)="XX") | AC94: =IF($J94="",FALSE,IFERROR(INDEX(B!$P$2:$P$61,MATCH($J94,B!$E$2:$E$61,0))="Sim",FALSE)) | AE94: =IF(H94="","",HOUR(H94))
A95: =IF(G95="","",IF(G95=G94,"",COUNTIF($G$3:$G$976,G95))) | C95: =IF(G95="","",DAY(G95)) | D95: =IF(G95="","",MONTH(G95)) | E95: =IF(G95="","",YEAR(G95)) | F95: =IF(G95="","",CHOOSE(MONTH(G95),"Janeiro","Fevereiro","Março","Abril","Maio","Junho","Julho","Agosto","Setembro","Outubro","Novembro","Dezembro")) | G95: 46056 | H95: 0.071689815 | I95: https://docs.google.com/spreadsheets/d/1ZiCGoPjLCjuYvujDTXK9Ixbth3tekiLtFBzBrGjPCr4/edit?gid=0#gid=0 | J95: Erro de Gps (Problema Técnico) - [GPS] | L95: FALSE | N95: =IF($J95="","",IFERROR(INDEX(B!$F$2:$F$61,MATCH($J95,B!$E$2:$E$61,0))&"","")) | O95: =IF($J95="","",IFERROR(INDEX(B!$G$2:$G$61,MATCH($J95,B!$E$2:$E$61,0))&"","")) | P95: =IF($J95="","",IFERROR(INDEX(B!$H$2:$H$61,MATCH($J95,B!$E$2:$E$61,0))&"","")) | Q95: =IF($J95="","",IFERROR(INDEX(B!$I$2:$I$61,MATCH($J95,B!$E$2:$E$61,0))&"","")) | R95: =IF($J95="","",IFERROR(INDEX(B!$J$2:$J$61,MATCH($J95,B!$E$2:$E$61,0))&"","")) | S95: =IF($J95="","",IFERROR(INDEX(B!$K$2:$K$61,MATCH($J95,B!$E$2:$E$61,0))&"","")) | T95: =IF($J95="","",IFERROR(INDEX(B!$L$2:$L$61,MATCH($J95,B!$E$2:$E$61,0))&"","")) | V95: =IF($J95="","",IFERROR(INDEX(B!$M$2:$M$61,MATCH($J95,B!$E$2:$E$61,0))&"","")) | W95: =IF(I95="","",IFERROR(MID(I95,FIND("/d/",I95)+3,FIND("/edit",I95)-FIND("/d/",I95)-3),I95)) | X95: =IF($J95="","",IFERROR(INDEX(B!$C$2:$C$61,MATCH($J95,B!$E$2:$E$61,0))&"","")) | Z95: =IF($J95="",FALSE,ISNUMBER(SEARCH("scout",$K95))) | AA95: =IF($J95="",FALSE,IFERROR(INDEX(B!$N$2:$N$61,MATCH($J95,B!$E$2:$E$61,0))="Sim",FALSE)) | AB95: =IF($J95="",FALSE,LEFT($X95,2)="XX") | AC95: =IF($J95="",FALSE,IFERROR(INDEX(B!$P$2:$P$61,MATCH($J95,B!$E$2:$E$61,0))="Sim",FALSE)) | AE95: =IF(H95="","",HOUR(H95))
A96: =IF(G96="","",IF(G96=G95,"",COUNTIF($G$3:$G$976,G96))) | C96: =IF(G96="","",DAY(G96)) | D96: =IF(G96="","",MONTH(G96)) | E96: =IF(G96="","",YEAR(G96)) | F96: =IF(G96="","",CHOOSE(MONTH(G96),"Janeiro","Fevereiro","Março","Abril","Maio","Junho","Julho","Agosto","Setembro","Outubro","Novembro","Dezembro")) | G96: 46056 | H96: 0.08119213 | I96: https://docs.google.com/spreadsheets/d/1ZiCGoPjLCjuYvujDTXK9Ixbth3tekiLtFBzBrGjPCr4/edit?gid=0#gid=0 | J96: Não houve Taxa de Cancelamento - [NTX] | L96: FALSE | N96: =IF($J96="","",IFERROR(INDEX(B!$F$2:$F$61,MATCH($J96,B!$E$2:$E$61,0))&"","")) | O96: =IF($J96="","",IFERROR(INDEX(B!$G$2:$G$61,MATCH($J96,B!$E$2:$E$61,0))&"","")) | P96: =IF($J96="","",IFERROR(INDEX(B!$H$2:$H$61,MATCH($J96,B!$E$2:$E$61,0))&"","")) | Q96: =IF($J96="","",IFERROR(INDEX(B!$I$2:$I$61,MATCH($J96,B!$E$2:$E$61,0))&"","")) | R96: =IF($J96="","",IFERROR(INDEX(B!$J$2:$J$61,MATCH($J96,B!$E$2:$E$61,0))&"","")) | S96: =IF($J96="","",IFERROR(INDEX(B!$K$2:$K$61,MATCH($J96,B!$E$2:$E$61,0))&"","")) | T96: =IF($J96="","",IFERROR(INDEX(B!$L$2:$L$61,MATCH($J96,B!$E$2:$E$61,0))&"","")) | V96: =IF($J96="","",IFERROR(INDEX(B!$M$2:$M$61,MATCH($J96,B!$E$2:$E$61,0))&"","")) | W96: =IF(I96="","",IFERROR(MID(I96,FIND("/d/",I96)+3,FIND("/edit",I96)-FIND("/d/",I96)-3),I96)) | X96: =IF($J96="","",IFERROR(INDEX(B!$C$2:$C$61,MATCH($J96,B!$E$2:$E$61,0))&"","")) | Z96: =IF($J96="",FALSE,ISNUMBER(SEARCH("scout",$K96))) | AA96: =IF($J96="",FALSE,IFERROR(INDEX(B!$N$2:$N$61,MATCH($J96,B!$E$2:$E$61,0))="Sim",FALSE)) | AB96: =IF($J96="",FALSE,LEFT($X96,2)="XX") | AC96: =IF($J96="",FALSE,IFERROR(INDEX(B!$P$2:$P$61,MATCH($J96,B!$E$2:$E$61,0))="Sim",FALSE)) | AE96: =IF(H96="","",HOUR(H96))
A97: =IF(G97="","",IF(G97=G96,"",COUNTIF($G$3:$G$976,G97))) | C97: =IF(G97="","",DAY(G97)) | D97: =IF(G97="","",MONTH(G97)) | E97: =IF(G97="","",YEAR(G97)) | F97: =IF(G97="","",CHOOSE(MONTH(G97),"Janeiro","Fevereiro","Março","Abril","Maio","Junho","Julho","Agosto","Setembro","Outubro","Novembro","Dezembro")) | G97: 46056 | H97: 0.081863426 | I97: https://docs.google.com/spreadsheets/d/1ZiCGoPjLCjuYvujDTXK9Ixbth3tekiLtFBzBrGjPCr4/edit?gid=0#gid=0 | J97: Transferência de LOB (Lost Items) - [TILI] | K97: Scout | L97: FALSE | N97: =IF($J97="","",IFERROR(INDEX(B!$F$2:$F$61,MATCH($J97,B!$E$2:$E$61,0))&"","")) | O97: =IF($J97="","",IFERROR(INDEX(B!$G$2:$G$61,MATCH($J97,B!$E$2:$E$61,0))&"","")) | P97: =IF($J97="","",IFERROR(INDEX(B!$H$2:$H$61,MATCH($J97,B!$E$2:$E$61,0))&"","")) | Q97: =IF($J97="","",IFERROR(INDEX(B!$I$2:$I$61,MATCH($J97,B!$E$2:$E$61,0))&"","")) | R97: =IF($J97="","",IFERROR(INDEX(B!$J$2:$J$61,MATCH($J97,B!$E$2:$E$61,0))&"","")) | S97: =IF($J97="","",IFERROR(INDEX(B!$K$2:$K$61,MATCH($J97,B!$E$2:$E$61,0))&"","")) | T97: =IF($J97="","",IFERROR(INDEX(B!$L$2:$L$61,MATCH($J97,B!$E$2:$E$61,0))&"","")) | V97: =IF($J97="","",IFERROR(INDEX(B!$M$2:$M$61,MATCH($J97,B!$E$2:$E$61,0))&"","")) | W97: =IF(I97="","",IFERROR(MID(I97,FIND("/d/",I97)+3,FIND("/edit",I97)-FIND("/d/",I97)-3),I97)) | X97: =IF($J97="","",IFERROR(INDEX(B!$C$2:$C$61,MATCH($J97,B!$E$2:$E$61,0))&"","")) | Z97: =IF($J97="",FALSE,ISNUMBER(SEARCH("scout",$K97))) | AA97: =IF($J97="",FALSE,IFERROR(INDEX(B!$N$2:$N$61,MATCH($J97,B!$E$2:$E$61,0))="Sim",FALSE)) | AB97: =IF($J97="",FALSE,LEFT($X97,2)="XX") | AC97: =IF($J97="",FALSE,IFERROR(INDEX(B!$P$2:$P$61,MATCH($J97,B!$E$2:$E$61,0))="Sim",FALSE)) | AE97: =IF(H97="","",HOUR(H97))
A98: =IF(G98="","",IF(G98=G97,"",COUNTIF($G$3:$G$976,G98))) | C98: =IF(G98="","",DAY(G98)) | D98: =IF(G98="","",MONTH(G98)) | E98: =IF(G98="","",YEAR(G98)) | F98: =IF(G98="","",CHOOSE(MONTH(G98),"Janeiro","Fevereiro","Março","Abril","Maio","Junho","Julho","Agosto","Setembro","Outubro","Novembro","Dezembro")) | G98: 46056 | H98: 0.083055556 | I98: https://docs.google.com/spreadsheets/d/1ZiCGoPjLCjuYvujDTXK9Ixbth3tekiLtFBzBrGjPCr4/edit?gid=0#gid=0 | J98: Taxa de Limpeza, Sem ajustes - [TXLO] | L98: FALSE | N98: =IF($J98="","",IFERROR(INDEX(B!$F$2:$F$61,MATCH($J98,B!$E$2:$E$61,0))&"","")) | O98: =IF($J98="","",IFERROR(INDEX(B!$G$2:$G$61,MATCH($J98,B!$E$2:$E$61,0))&"","")) | P98: =IF($J98="","",IFERROR(INDEX(B!$H$2:$H$61,MATCH($J98,B!$E$2:$E$61,0))&"","")) | Q98: =IF($J98="","",IFERROR(INDEX(B!$I$2:$I$61,MATCH($J98,B!$E$2:$E$61,0))&"","")) | R98: =IF($J98="","",IFERROR(INDEX(B!$J$2:$J$61,MATCH($J98,B!$E$2:$E$61,0))&"","")) | S98: =IF($J98="","",IFERROR(INDEX(B!$K$2:$K$61,MATCH($J98,B!$E$2:$E$61,0))&"","")) | T98: =IF($J98="","",IFERROR(INDEX(B!$L$2:$L$61,MATCH($J98,B!$E$2:$E$61,0))&"","")) | V98: =IF($J98="","",IFERROR(INDEX(B!$M$2:$M$61,MATCH($J98,B!$E$2:$E$61,0))&"","")) | W98: =IF(I98="","",IFERROR(MID(I98,FIND("/d/",I98)+3,FIND("/edit",I98)-FIND("/d/",I98)-3),I98)) | X98: =IF($J98="","",IFERROR(INDEX(B!$C$2:$C$61,MATCH($J98,B!$E$2:$E$61,0))&"","")) | Z98: =IF($J98="",FALSE,ISNUMBER(SEARCH("scout",$K98))) | AA98: =IF($J98="",FALSE,IFERROR(INDEX(B!$N$2:$N$61,MATCH($J98,B!$E$2:$E$61,0))="Sim",FALSE)) | AB98: =IF($J98="",FALSE,LEFT($X98,2)="XX") | AC98: =IF($J98="",FALSE,IFERROR(INDEX(B!$P$2:$P$61,MATCH($J98,B!$E$2:$E$61,0))="Sim",FALSE)) | AE98: =IF(H98="","",HOUR(H98))
A99: =IF(G99="","",IF(G99=G98,"",COUNTIF($G$3:$G$976,G99))) | C99: =IF(G99="","",DAY(G99)) | D99: =IF(G99="","",MONTH(G99)) | E99: =IF(G99="","",YEAR(G99)) | F99: =IF(G99="","",CHOOSE(MONTH(G99),"Janeiro","Fevereiro","Março","Abril","Maio","Junho","Julho","Agosto","Setembro","Outubro","Novembro","Dezembro")) | G99: 46056 | H99: 0.086793981 | I99: https://docs.google.com/spreadsheets/d/1ZiCGoPjLCjuYvujDTXK9Ixbth3tekiLtFBzBrGjPCr4/edit?gid=0#gid=0 | J99: Taxa de Limpeza, Sem ajustes - [TXLO] | L99: FALSE | N99: =IF($J99="","",IFERROR(INDEX(B!$F$2:$F$61,MATCH($J99,B!$E$2:$E$61,0))&"","")) | O99: =IF($J99="","",IFERROR(INDEX(B!$G$2:$G$61,MATCH($J99,B!$E$2:$E$61,0))&"","")) | P99: =IF($J99="","",IFERROR(INDEX(B!$H$2:$H$61,MATCH($J99,B!$E$2:$E$61,0))&"","")) | Q99: =IF($J99="","",IFERROR(INDEX(B!$I$2:$I$61,MATCH($J99,B!$E$2:$E$61,0))&"","")) | R99: =IF($J99="","",IFERROR(INDEX(B!$J$2:$J$61,MATCH($J99,B!$E$2:$E$61,0))&"","")) | S99: =IF($J99="","",IFERROR(INDEX(B!$K$2:$K$61,MATCH($J99,B!$E$2:$E$61,0))&"","")) | T99: =IF($J99="","",IFERROR(INDEX(B!$L$2:$L$61,MATCH($J99,B!$E$2:$E$61,0))&"","")) | V99: =IF($J99="","",IFERROR(INDEX(B!$M$2:$M$61,MATCH($J99,B!$E$2:$E$61,0))&"","")) | W99: =IF(I99="","",IFERROR(MID(I99,FIND("/d/",I99)+3,FIND("/edit",I99)-FIND("/d/",I99)-3),I99)) | X99: =IF($J99="","",IFERROR(INDEX(B!$C$2:$C$61,MATCH($J99,B!$E$2:$E$61,0))&"","")) | Z99: =IF($J99="",FALSE,ISNUMBER(SEARCH("scout",$K99))) | AA99: =IF($J99="",FALSE,IFERROR(INDEX(B!$N$2:$N$61,MATCH($J99,B!$E$2:$E$61,0))="Sim",FALSE)) | AB99: =IF($J99="",FALSE,LEFT($X99,2)="XX") | AC99: =IF($J99="",FALSE,IFERROR(INDEX(B!$P$2:$P$61,MATCH($J99,B!$E$2:$E$61,0))="Sim",FALSE)) | AE99: =IF(H99="","",HOUR(H99))
A100: =IF(G100="","",IF(G100=G99,"",COUNTIF($G$3:$G$976,G100))) | C100: =IF(G100="","",DAY(G100)) | D100: =IF(G100="","",MONTH(G100)) | E100: =IF(G100="","",YEAR(G100)) | F100: =IF(G100="","",CHOOSE(MONTH(G100),"Janeiro","Fevereiro","Março","Abril","Maio","Junho","Julho","Agosto","Setembro","Outubro","Novembro","Dezembro")) | G100: 46056 | H100: 0.091770833 | I100: https://docs.google.com/spreadsheets/d/1ZiCGoPjLCjuYvujDTXK9Ixbth3tekiLtFBzBrGjPCr4/edit?gid=0#gid=0 | J100: Erro de Gps (Problema Técnico) - [GPS] | L100: FALSE | N100: =IF($J100="","",IFERROR(INDEX(B!$F$2:$F$61,MATCH($J100,B!$E$2:$E$61,0))&"","")) | O100: =IF($J100="","",IFERROR(INDEX(B!$G$2:$G$61,MATCH($J100,B!$E$2:$E$61,0))&"","")) | P100: =IF($J100="","",IFERROR(INDEX(B!$H$2:$H$61,MATCH($J100,B!$E$2:$E$61,0))&"","")) | Q100: =IF($J100="","",IFERROR(INDEX(B!$I$2:$I$61,MATCH($J100,B!$E$2:$E$61,0))&"","")) | R100: =IF($J100="","",IFERROR(INDEX(B!$J$2:$J$61,MATCH($J100,B!$E$2:$E$61,0))&"","")) | S100: =IF($J100="","",IFERROR(INDEX(B!$K$2:$K$61,MATCH($J100,B!$E$2:$E$61,0))&"","")) | T100: =IF($J100="","",IFERROR(INDEX(B!$L$2:$L$61,MATCH($J100,B!$E$2:$E$61,0))&"","")) | V100: =IF($J100="","",IFERROR(INDEX(B!$M$2:$M$61,MATCH($J100,B!$E$2:$E$61,0))&"","")) | W100: =IF(I100="","",IFERROR(MID(I100,FIND("/d/",I100)+3,FIND("/edit",I100)-FIND("/d/",I100)-3),I100)) | X100: =IF($J100="","",IFERROR(INDEX(B!$C$2:$C$61,MATCH($J100,B!$E$2:$E$61,0))&"","")) | Z100: =IF($J100="",FALSE,ISNUMBER(SEARCH("scout",$K100))) | AA100: =IF($J100="",FALSE,IFERROR(INDEX(B!$N$2:$N$61,MATCH($J100,B!$E$2:$E$61,0))="Sim",FALSE)) | AB100: =IF($J100="",FALSE,LEFT($X100,2)="XX") | AC100: =IF($J100="",FALSE,IFERROR(INDEX(B!$P$2:$P$61,MATCH($J100,B!$E$2:$E$61,0))="Sim",FALSE)) | AE100: =IF(H100="","",HOUR(H100))
A101: =IF(G101="","",IF(G101=G100,"",COUNTIF($G$3:$G$976,G101))) | C101: =IF(G101="","",DAY(G101)) | D101: =IF(G101="","",MONTH(G101)) | E101: =IF(G101="","",YEAR(G101)) | F101: =IF(G101="","",CHOOSE(MONTH(G101),"Janeiro","Fevereiro","Março","Abril","Maio","Junho","Julho","Agosto","Setembro","Outubro","Novembro","Dezembro")) | G101: 46056 | H101: 0.091990741 | I101: https://docs.google.com/spreadsheets/d/1ZiCGoPjLCjuYvujDTXK9Ixbth3tekiLtFBzBrGjPCr4/edit?gid=0#gid=0 | J101: Overpaid, Não excede o limite, Sem comprovante - [OPNN] | K101: Scout | L101: FALSE | N101: =IF($J101="","",IFERROR(INDEX(B!$F$2:$F$61,MATCH($J101,B!$E$2:$E$61,0))&"","")) | O101: =IF($J101="","",IFERROR(INDEX(B!$G$2:$G$61,MATCH($J101,B!$E$2:$E$61,0))&"","")) | P101: =IF($J101="","",IFERROR(INDEX(B!$H$2:$H$61,MATCH($J101,B!$E$2:$E$61,0))&"","")) | Q101: =IF($J101="","",IFERROR(INDEX(B!$I$2:$I$61,MATCH($J101,B!$E$2:$E$61,0))&"","")) | R101: =IF($J101="","",IFERROR(INDEX(B!$J$2:$J$61,MATCH($J101,B!$E$2:$E$61,0))&"","")) | S101: =IF($J101="","",IFERROR(INDEX(B!$K$2:$K$61,MATCH($J101,B!$E$2:$E$61,0))&"","")) | T101: =IF($J101="","",IFERROR(INDEX(B!$L$2:$L$61,MATCH($J101,B!$E$2:$E$61,0))&"","")) | V101: =IF($J101="","",IFERROR(INDEX(B!$M$2:$M$61,MATCH($J101,B!$E$2:$E$61,0))&"","")) | W101: =IF(I101="","",IFERROR(MID(I101,FIND("/d/",I101)+3,FIND("/edit",I101)-FIND("/d/",I101)-3),I101)) | X101: =IF($J101="","",IFERROR(INDEX(B!$C$2:$C$61,MATCH($J101,B!$E$2:$E$61,0))&"","")) | Z101: =IF($J101="",FALSE,ISNUMBER(SEARCH("scout",$K101))) | AA101: =IF($J101="",FALSE,IFERROR(INDEX(B!$N$2:$N$61,MATCH($J101,B!$E$2:$E$61,0))="Sim",FALSE)) | AB101: =IF($J101="",FALSE,LEFT($X101,2)="XX") | AC101: =IF($J101="",FALSE,IFERROR(INDEX(B!$P$2:$P$61,MATCH($J101,B!$E$2:$E$61,0))="Sim",FALSE)) | AE101: =IF(H101="","",HOUR(H101))
A102: =IF(G102="","",IF(G102=G101,"",COUNTIF($G$3:$G$976,G102))) | C102: =IF(G102="","",DAY(G102)) | D102: =IF(G102="","",MONTH(G102)) | E102: =IF(G102="","",YEAR(G102)) | F102: =IF(G102="","",CHOOSE(MONTH(G102),"Janeiro","Fevereiro","Março","Abril","Maio","Junho","Julho","Agosto","Setembro","Outubro","Novembro","Dezembro")) | G102: 46056 | H102: 0.10665509 | I102: https://docs.google.com/spreadsheets/d/1ZiCGoPjLCjuYvujDTXK9Ixbth3tekiLtFBzBrGjPCr4/edit?gid=0#gid=0 | J102: Evento Raro - [ER] | L102: FALSE | N102: =IF($J102="","",IFERROR(INDEX(B!$F$2:$F$61,MATCH($J102,B!$E$2:$E$61,0))&"","")) | O102: =IF($J102="","",IFERROR(INDEX(B!$G$2:$G$61,MATCH($J102,B!$E$2:$E$61,0))&"","")) | P102: =IF($J102="","",IFERROR(INDEX(B!$H$2:$H$61,MATCH($J102,B!$E$2:$E$61,0))&"","")) | Q102: =IF($J102="","",IFERROR(INDEX(B!$I$2:$I$61,MATCH($J102,B!$E$2:$E$61,0))&"","")) | R102: =IF($J102="","",IFERROR(INDEX(B!$J$2:$J$61,MATCH($J102,B!$E$2:$E$61,0))&"","")) | S102: =IF($J102="","",IFERROR(INDEX(B!$K$2:$K$61,MATCH($J102,B!$E$2:$E$61,0))&"","")) | T102: =IF($J102="","",IFERROR(INDEX(B!$L$2:$L$61,MATCH($J102,B!$E$2:$E$61,0))&"","")) | V102: =IF($J102="","",IFERROR(INDEX(B!$M$2:$M$61,MATCH($J102,B!$E$2:$E$61,0))&"","")) | W102: =IF(I102="","",IFERROR(MID(I102,FIND("/d/",I102)+3,FIND("/edit",I102)-FIND("/d/",I102)-3),I102)) | X102: =IF($J102="","",IFERROR(INDEX(B!$C$2:$C$61,MATCH($J102,B!$E$2:$E$61,0))&"","")) | Z102: =IF($J102="",FALSE,ISNUMBER(SEARCH("scout",$K102))) | AA102: =IF($J102="",FALSE,IFERROR(INDEX(B!$N$2:$N$61,MATCH($J102,B!$E$2:$E$61,0))="Sim",FALSE)) | AB102: =IF($J102="",FALSE,LEFT($X102,2)="XX") | AC102: =IF($J102="",FALSE,IFERROR(INDEX(B!$P$2:$P$61,MATCH($J102,B!$E$2:$E$61,0))="Sim",FALSE)) | AE102: =IF(H102="","",HOUR(H102))
A103: =IF(G103="","",IF(G103=G102,"",COUNTIF($G$3:$G$976,G103))) | C103: =IF(G103="","",DAY(G103)) | D103: =IF(G103="","",MONTH(G103)) | E103: =IF(G103="","",YEAR(G103)) | F103: =IF(G103="","",CHOOSE(MONTH(G103),"Janeiro","Fevereiro","Março","Abril","Maio","Junho","Julho","Agosto","Setembro","Outubro","Novembro","Dezembro")) | G103: 46056 | H103: 0.11053241 | I103: https://docs.google.com/spreadsheets/d/1ZiCGoPjLCjuYvujDTXK9Ixbth3tekiLtFBzBrGjPCr4/edit?gid=0#gid=0 | J103: Taxa de Limpeza, Sem ajustes - [TXLO] | K103: Scout | L103: FALSE | N103: =IF($J103="","",IFERROR(INDEX(B!$F$2:$F$61,MATCH($J103,B!$E$2:$E$61,0))&"","")) | O103: =IF($J103="","",IFERROR(INDEX(B!$G$2:$G$61,MATCH($J103,B!$E$2:$E$61,0))&"","")) | P103: =IF($J103="","",IFERROR(INDEX(B!$H$2:$H$61,MATCH($J103,B!$E$2:$E$61,0))&"","")) | Q103: =IF($J103="","",IFERROR(INDEX(B!$I$2:$I$61,MATCH($J103,B!$E$2:$E$61,0))&"","")) | R103: =IF($J103="","",IFERROR(INDEX(B!$J$2:$J$61,MATCH($J103,B!$E$2:$E$61,0))&"","")) | S103: =IF($J103="","",IFERROR(INDEX(B!$K$2:$K$61,MATCH($J103,B!$E$2:$E$61,0))&"","")) | T103: =IF($J103="","",IFERROR(INDEX(B!$L$2:$L$61,MATCH($J103,B!$E$2:$E$61,0))&"","")) | V103: =IF($J103="","",IFERROR(INDEX(B!$M$2:$M$61,MATCH($J103,B!$E$2:$E$61,0))&"","")) | W103: =IF(I103="","",IFERROR(MID(I103,FIND("/d/",I103)+3,FIND("/edit",I103)-FIND("/d/",I103)-3),I103)) | X103: =IF($J103="","",IFERROR(INDEX(B!$C$2:$C$61,MATCH($J103,B!$E$2:$E$61,0))&"","")) | Z103: =IF($J103="",FALSE,ISNUMBER(SEARCH("scout",$K103))) | AA103: =IF($J103="",FALSE,IFERROR(INDEX(B!$N$2:$N$61,MATCH($J103,B!$E$2:$E$61,0))="Sim",FALSE)) | AB103: =IF($J103="",FALSE,LEFT($X103,2)="XX") | AC103: =IF($J103="",FALSE,IFERROR(INDEX(B!$P$2:$P$61,MATCH($J103,B!$E$2:$E$61,0))="Sim",FALSE)) | AE103: =IF(H103="","",HOUR(H103))
A104: =IF(G104="","",IF(G104=G103,"",COUNTIF($G$3:$G$976,G104))) | C104: =IF(G104="","",DAY(G104)) | D104: =IF(G104="","",MONTH(G104)) | E104: =IF(G104="","",YEAR(G104)) | F104: =IF(G104="","",CHOOSE(MONTH(G104),"Janeiro","Fevereiro","Março","Abril","Maio","Junho","Julho","Agosto","Setembro","Outubro","Novembro","Dezembro")) | G104: 46056 | H104: 0.11135417 | I104: https://docs.google.com/spreadsheets/d/1ZiCGoPjLCjuYvujDTXK9Ixbth3tekiLtFBzBrGjPCr4/edit?gid=0#gid=0 | J104: Transferência de LOB (Accounts) - [TIAC] | L104: FALSE | N104: =IF($J104="","",IFERROR(INDEX(B!$F$2:$F$61,MATCH($J104,B!$E$2:$E$61,0))&"","")) | O104: =IF($J104="","",IFERROR(INDEX(B!$G$2:$G$61,MATCH($J104,B!$E$2:$E$61,0))&"","")) | P104: =IF($J104="","",IFERROR(INDEX(B!$H$2:$H$61,MATCH($J104,B!$E$2:$E$61,0))&"","")) | Q104: =IF($J104="","",IFERROR(INDEX(B!$I$2:$I$61,MATCH($J104,B!$E$2:$E$61,0))&"","")) | R104: =IF($J104="","",IFERROR(INDEX(B!$J$2:$J$61,MATCH($J104,B!$E$2:$E$61,0))&"","")) | S104: =IF($J104="","",IFERROR(INDEX(B!$K$2:$K$61,MATCH($J104,B!$E$2:$E$61,0))&"","")) | T104: =IF($J104="","",IFERROR(INDEX(B!$L$2:$L$61,MATCH($J104,B!$E$2:$E$61,0))&"","")) | V104: =IF($J104="","",IFERROR(INDEX(B!$M$2:$M$61,MATCH($J104,B!$E$2:$E$61,0))&"","")) | W104: =IF(I104="","",IFERROR(MID(I104,FIND("/d/",I104)+3,FIND("/edit",I104)-FIND("/d/",I104)-3),I104)) | X104: =IF($J104="","",IFERROR(INDEX(B!$C$2:$C$61,MATCH($J104,B!$E$2:$E$61,0))&"","")) | Z104: =IF($J104="",FALSE,ISNUMBER(SEARCH("scout",$K104))) | AA104: =IF($J104="",FALSE,IFERROR(INDEX(B!$N$2:$N$61,MATCH($J104,B!$E$2:$E$61,0))="Sim",FALSE)) | AB104: =IF($J104="",FALSE,LEFT($X104,2)="XX") | AC104: =IF($J104="",FALSE,IFERROR(INDEX(B!$P$2:$P$61,MATCH($J104,B!$E$2:$E$61,0))="Sim",FALSE)) | AE104: =IF(H104="","",HOUR(H104))
...

Sheet Cash 1
A1: Questão | B1: Descritivo | C1: Sim/Não | D1: Etiquetação | E1: Resumo do cliente | F1: Resumo do atendimento | G1: Link do problema | H1: Status
A2: =IF($I2="","",IF(LEFT($I2,1)="R","Resolução","Pergunta "&MID($I2,2,3))) | B2: =IF($I2="","",IF(LEFT($I2,1)="R",INDEX(Árvore!$B$14:$B$21,MATCH($I2,Árvore!$A$14:$A$21,0)),INDEX(Árvore!$B$2:$B$11,MATCH($I2,Árvore!$A$2:$A$11,0)))) | C2: Sim | D2: =IF(LEFT($I2,1)="R",INDEX(Árvore!$C$14:$C$21,MATCH($I2,Árvore!$A$14:$A$21,0)),"") | E2: =IF(LEFT($I2,1)="R",INDEX(Árvore!$D$14:$D$21,MATCH($I2,Árvore!$A$14:$A$21,0)),"") | F2: =IF(LEFT($I2,1)="R",INDEX(Árvore!$E$14:$E$21,MATCH($I2,Árvore!$A$14:$A$21,0)),"") | G2: =IF(LEFT($I2,1)="R",INDEX(Árvore!$F$14:$F$21,MATCH($I2,Árvore!$A$14:$A$21,0)),"") | H2: =IF(LEFT($I2,1)="R",INDEX(Árvore!$G$14:$G$21,MATCH($I2,Árvore!$A$14:$A$21,0)),"") | I2: P1
A3: =IF($I3="","",IF(LEFT($I3,1)="R","Resolução","Pergunta "&MID($I3,2,3))) | B3: =IF($I3="","",IF(LEFT($I3,1)="R",INDEX(Árvore!$B$14:$B$21,MATCH($I3,Árvore!$A$14:$A$21,0)),INDEX(Árvore!$B$2:$B$11,MATCH($I3,Árvore!$A$2:$A$11,0)))) | C3: Sim | D3: =IF(LEFT($I3,1)="R",INDEX(Árvore!$C$14:$C$21,MATCH($I3,Árvore!$A$14:$A$21,0)),"") | E3: =IF(LEFT($I3,1)="R",INDEX(Árvore!$D$14:$D$21,MATCH($I3,Árvore!$A$14:$A$21,0)),"") | F3: =IF(LEFT($I3,1)="R",INDEX(Árvore!$E$14:$E$21,MATCH($I3,Árvore!$A$14:$A$21,0)),"") | G3: =IF(LEFT($I3,1)="R",INDEX(Árvore!$F$14:$F$21,MATCH($I3,Árvore!$A$14:$A$21,0)),"") | H3: =IF(LEFT($I3,1)="R",INDEX(Árvore!$G$14:$G$21,MATCH($I3,Árvore!$A$14:$A$21,0)),"") | I3: =IF(OR($I2="",LEFT($I2,1)="R",C2=""),"",IF(C2="Sim",INDEX(Árvore!$C$2:$C$11,MATCH($I2,Árvore!$A$2:$A$11,0)),INDEX(Árvore!$D$2:$D$11,MATCH($I2,Árvore!$A$2:$A$11,0))))
A4: =IF($I4="","",IF(LEFT($I4,1)="R","Resolução","Pergunta "&MID($I4,2,3))) | B4: =IF($I4="","",IF(LEFT($I4,1)="R",INDEX(Árvore!$B$14:$B$21,MATCH($I4,Árvore!$A$14:$A$21,0)),INDEX(Árvore!$B$2:$B$11,MATCH($I4,Árvore!$A$2:$A$11,0)))) | C4: Sim | D4: =IF(LEFT($I4,1)="R",INDEX(Árvore!$C$14:$C$21,MATCH($I4,Árvore!$A$14:$A$21,0)),"") | E4: =IF(LEFT($I4,1)="R",INDEX(Árvore!$D$14:$D$21,MATCH($I4,Árvore!$A$14:$A$21,0)),"") | F4: =IF(LEFT($I4,1)="R",INDEX(Árvore!$E$14:$E$21,MATCH($I4,Árvore!$A$14:$A$21,0)),"") | G4: =IF(LEFT($I4,1)="R",INDEX(Árvore!$F$14:$F$21,MATCH($I4,Árvore!$A$14:$A$21,0)),"") | H4: =IF(LEFT($I4,1)="R",INDEX(Árvore!$G$14:$G$21,MATCH($I4,Árvore!$A$14:$A$21,0)),"") | I4: =IF(OR($I3="",LEFT($I3,1)="R",C3=""),"",IF(C3="Sim",INDEX(Árvore!$C$2:$C$11,MATCH($I3,Árvore!$A$2:$A$11,0)),INDEX(Árvore!$D$2:$D$11,MATCH($I3,Árvore!$A$2:$A$11,0))))
A5: =IF($I5="","",IF(LEFT($I5,1)="R","Resolução","Pergunta "&MID($I5,2,3))) | B5: =IF($I5="","",IF(LEFT($I5,1)="R",INDEX(Árvore!$B$14:$B$21,MATCH($I5,Árvore!$A$14:$A$21,0)),INDEX(Árvore!$B$2:$B$11,MATCH($I5,Árvore!$A$2:$A$11,0)))) | C5: Não | D5: =IF(LEFT($I5,1)="R",INDEX(Árvore!$C$14:$C$21,MATCH($I5,Árvore!$A$14:$A$21,0)),"") | E5: =IF(LEFT($I5,1)="R",INDEX(Árvore!$D$14:$D$21,MATCH($I5,Árvore!$A$14:$A$21,0)),"") | F5: =IF(LEFT($I5,1)="R",INDEX(Árvore!$E$14:$E$21,MATCH($I5,Árvore!$A$14:$A$21,0)),"") | G5: =IF(LEFT($I5,1)="R",INDEX(Árvore!$F$14:$F$21,MATCH($I5,Árvore!$A$14:$A$21,0)),"") | H5: =IF(LEFT($I5,1)="R",INDEX(Árvore!$G$14:$G$21,MATCH($I5,Árvore!$A$14:$A$21,0)),"") | I5: =IF(OR($I4="",LEFT($I4,1)="R",C4=""),"",IF(C4="Sim",INDEX(Árvore!$C$2:$C$11,MATCH($I4,Árvore!$A$2:$A$11,0)),INDEX(Árvore!$D$2:$D$11,MATCH($I4,Árvore!$A$2:$A$11,0))))
A6: =IF($I6="","",IF(LEFT($I6,1)="R","Resolução","Pergunta "&MID($I6,2,3))) | B6: =IF($I6="","",IF(LEFT($I6,1)="R",INDEX(Árvore!$B$14:$B$21,MATCH($I6,Árvore!$A$14:$A$21,0)),INDEX(Árvore!$B$2:$B$11,MATCH($I6,Árvore!$A$2:$A$11,0)))) | C6: Não | D6: =IF(LEFT($I6,1)="R",INDEX(Árvore!$C$14:$C$21,MATCH($I6,Árvore!$A$14:$A$21,0)),"") | E6: =IF(LEFT($I6,1)="R",INDEX(Árvore!$D$14:$D$21,MATCH($I6,Árvore!$A$14:$A$21,0)),"") | F6: =IF(LEFT($I6,1)="R",INDEX(Árvore!$E$14:$E$21,MATCH($I6,Árvore!$A$14:$A$21,0)),"") | G6: =IF(LEFT($I6,1)="R",INDEX(Árvore!$F$14:$F$21,MATCH($I6,Árvore!$A$14:$A$21,0)),"") | H6: =IF(LEFT($I6,1)="R",INDEX(Árvore!$G$14:$G$21,MATCH($I6,Árvore!$A$14:$A$21,0)),"") | I6: =IF(OR($I5="",LEFT($I5,1)="R",C5=""),"",IF(C5="Sim",INDEX(Árvore!$C$2:$C$11,MATCH($I5,Árvore!$A$2:$A$11,0)),INDEX(Árvore!$D$2:$D$11,MATCH($I5,Árvore!$A$2:$A$11,0))))
A7: =IF($I7="","",IF(LEFT($I7,1)="R","Resolução","Pergunta "&MID($I7,2,3))) | B7: =IF($I7="","",IF(LEFT($I7,1)="R",INDEX(Árvore!$B$14:$B$21,MATCH($I7,Árvore!$A$14:$A$21,0)),INDEX(Árvore!$B$2:$B$11,MATCH($I7,Árvore!$A$2:$A$11,0)))) | C7: Não | D7: =IF(LEFT($I7,1)="R",INDEX(Árvore!$C$14:$C$21,MATCH($I7,Árvore!$A$14:$A$21,0)),"") | E7: =IF(LEFT($I7,1)="R",INDEX(Árvore!$D$14:$D$21,MATCH($I7,Árvore!$A$14:$A$21,0)),"") | F7: =IF(LEFT($I7,1)="R",INDEX(Árvore!$E$14:$E$21,MATCH($I7,Árvore!$A$14:$A$21,0)),"") | G7: =IF(LEFT($I7,1)="R",INDEX(Árvore!$F$14:$F$21,MATCH($I7,Árvore!$A$14:$A$21,0)),"") | H7: =IF(LEFT($I7,1)="R",INDEX(Árvore!$G$14:$G$21,MATCH($I7,Árvore!$A$14:$A$21,0)),"") | I7: =IF(OR($I6="",LEFT($I6,1)="R",C6=""),"",IF(C6="Sim",INDEX(Árvore!$C$2:$C$11,MATCH($I6,Árvore!$A$2:$A$11,0)),INDEX(Árvore!$D$2:$D$11,MATCH($I6,Árvore!$A$2:$A$11,0))))
A8: =IF($I8="","",IF(LEFT($I8,1)="R","Resolução","Pergunta "&MID($I8,2,3))) | B8: =IF($I8="","",IF(LEFT($I8,1)="R",INDEX(Árvore!$B$14:$B$21,MATCH($I8,Árvore!$A$14:$A$21,0)),INDEX(Árvore!$B$2:$B$11,MATCH($I8,Árvore!$A$2:$A$11,0)))) | C8: Sim | D8: =IF(LEFT($I8,1)="R",INDEX(Árvore!$C$14:$C$21,MATCH($I8,Árvore!$A$14:$A$21,0)),"") | E8: =IF(LEFT($I8,1)="R",INDEX(Árvore!$D$14:$D$21,MATCH($I8,Árvore!$A$14:$A$21,0)),"") | F8: =IF(LEFT($I8,1)="R",INDEX(Árvore!$E$14:$E$21,MATCH($I8,Árvore!$A$14:$A$21,0)),"") | G8: =IF(LEFT($I8,1)="R",INDEX(Árvore!$F$14:$F$21,MATCH($I8,Árvore!$A$14:$A$21,0)),"") | H8: =IF(LEFT($I8,1)="R",INDEX(Árvore!$G$14:$G$21,MATCH($I8,Árvore!$A$14:$A$21,0)),"") | I8: =IF(OR($I7="",LEFT($I7,1)="R",C7=""),"",IF(C7="Sim",INDEX(Árvore!$C$2:$C$11,MATCH($I7,Árvore!$A$2:$A$11,0)),INDEX(Árvore!$D$2:$D$11,MATCH($I7,Árvore!$A$2:$A$11,0))))
A9: =IF($I9="","",IF(LEFT($I9,1)="R","Resolução","Pergunta "&MID($I9,2,3))) | B9: =IF($I9="","",IF(LEFT($I9,1)="R",INDEX(Árvore!$B$14:$B$21,MATCH($I9,Árvore!$A$14:$A$21,0)),INDEX(Árvore!$B$2:$B$11,MATCH($I9,Árvore!$A$2:$A$11,0)))) | C9: Não | D9: =IF(LEFT($I9,1)="R",INDEX(Árvore!$C$14:$C$21,MATCH($I9,Árvore!$A$14:$A$21,0)),"") | E9: =IF(LEFT($I9,1)="R",INDEX(Árvore!$D$14:$D$21,MATCH($I9,Árvore!$A$14:$A$21,0)),"") | F9: =IF(LEFT($I9,1)="R",INDEX(Árvore!$E$14:$E$21,MATCH($I9,Árvore!$A$14:$A$21,0)),"") | G9: =IF(LEFT($I9,1)="R",INDEX(Árvore!$F$14:$F$21,MATCH($I9,Árvore!$A$14:$A$21,0)),"") | H9: =IF(LEFT($I9,1)="R",INDEX(Árvore!$G$14:$G$21,MATCH($I9,Árvore!$A$14:$A$21,0)),"") | I9: =IF(OR($I8="",LEFT($I8,1)="R",C8=""),"",IF(C8="Sim",INDEX(Árvore!$C$2:$C$11,MATCH($I8,Árvore!$A$2:$A$11,0)),INDEX(Árvore!$D$2:$D$11,MATCH($I8,Árvore!$A$2:$A$11,0))))
A10: =IF($I10="","",IF(LEFT($I10,1)="R","Resolução","Pergunta "&MID($I10,2,3))) | B10: =IF($I10="","",IF(LEFT($I10,1)="R",INDEX(Árvore!$B$14:$B$21,MATCH($I10,Árvore!$A$14:$A$21,0)),INDEX(Árvore!$B$2:$B$11,MATCH($I10,Árvore!$A$2:$A$11,0)))) | D10: =IF(LEFT($I10,1)="R",INDEX(Árvore!$C$14:$C$21,MATCH($I10,Árvore!$A$14:$A$21,0)),"") | E10: =IF(LEFT($I10,1)="R",INDEX(Árvore!$D$14:$D$21,MATCH($I10,Árvore!$A$14:$A$21,0)),"") | F10: =IF(LEFT($I10,1)="R",INDEX(Árvore!$E$14:$E$21,MATCH($I10,Árvore!$A$14:$A$21,0)),"") | G10: =IF(LEFT($I10,1)="R",INDEX(Árvore!$F$14:$F$21,MATCH($I10,Árvore!$A$14:$A$21,0)),"") | H10: =IF(LEFT($I10,1)="R",INDEX(Árvore!$G$14:$G$21,MATCH($I10,Árvore!$A$14:$A$21,0)),"") | I10: =IF(OR($I9="",LEFT($I9,1)="R",C9=""),"",IF(C9="Sim",INDEX(Árvore!$C$2:$C$11,MATCH($I9,Árvore!$A$2:$A$11,0)),INDEX(Árvore!$D$2:$D$11,MATCH($I9,Árvore!$A$2:$A$11,0))))
A11: =IF($I11="","",IF(LEFT($I11,1)="R","Resolução","Pergunta "&MID($I11,2,3))) | B11: =IF($I11="","",IF(LEFT($I11,1)="R",INDEX(Árvore!$B$14:$B$21,MATCH($I11,Árvore!$A$14:$A$21,0)),INDEX(Árvore!$B$2:$B$11,MATCH($I11,Árvore!$A$2:$A$11,0)))) | D11: =IF(LEFT($I11,1)="R",INDEX(Árvore!$C$14:$C$21,MATCH($I11,Árvore!$A$14:$A$21,0)),"") | E11: =IF(LEFT($I11,1)="R",INDEX(Árvore!$D$14:$D$21,MATCH($I11,Árvore!$A$14:$A$21,0)),"") | F11: =IF(LEFT($I11,1)="R",INDEX(Árvore!$E$14:$E$21,MATCH($I11,Árvore!$A$14:$A$21,0)),"") | G11: =IF(LEFT($I11,1)="R",INDEX(Árvore!$F$14:$F$21,MATCH($I11,Árvore!$A$14:$A$21,0)),"") | H11: =IF(LEFT($I11,1)="R",INDEX(Árvore!$G$14:$G$21,MATCH($I11,Árvore!$A$14:$A$21,0)),"") | I11: =IF(OR($I10="",LEFT($I10,1)="R",C10=""),"",IF(C10="Sim",INDEX(Árvore!$C$2:$C$11,MATCH($I10,Árvore!$A$2:$A$11,0)),INDEX(Árvore!$D$2:$D$11,MATCH($I10,Árvore!$A$2:$A$11,0))))
A13: > Responda Sim/Não de cima para baixo. A próxima pergunta aparece sozinha. Quando chegar na Resolução, copie etiquetação, resumos e link. Para recomeçar, apague as respostas.

Sheet Analysis
A1: ANÁLISE · atendimentos do mês (lê a aba Home)
A2: Mês | B2: Fevereiro | C2: Ano | D2: 2026 | F2: =MATCH($B$2,{"Janeiro","Fevereiro","Março","Abril","Maio","Junho","Julho","Agosto","Setembro","Outubro","Novembro","Dezembro"},0)
A4: Atendimentos | D4: Encerrados | G4: Aguardando resposta | J4: Em aberto (outra área) | M4: Com Scout | P4: Com CAR | S4: Pushback | V4: Elegíveis a PSAT | Y4: Uber One | AB4: Média por dia
A5: =COUNTIFS(Home!$D$3:$D$976,$F$2,Home!$E$3:$E$976,$D$2) | D5: =COUNTIFS(Home!$D$3:$D$976,$F$2,Home!$E$3:$E$976,$D$2,Home!$V$3:$V$976,"Encerrado") | G5: =COUNTIFS(Home!$D$3:$D$976,$F$2,Home!$E$3:$E$976,$D$2,Home!$V$3:$V$976,"Aguardando resposta") | J5: =COUNTIFS(Home!$D$3:$D$976,$F$2,Home!$E$3:$E$976,$D$2,Home!$V$3:$V$976,"Em Aberto") | M5: =COUNTIFS(Home!$D$3:$D$976,$F$2,Home!$E$3:$E$976,$D$2,Home!$Z$3:$Z$976,TRUE) | P5: =COUNTIFS(Home!$D$3:$D$976,$F$2,Home!$E$3:$E$976,$D$2,Home!$AA$3:$AA$976,TRUE) | S5: =COUNTIFS(Home!$D$3:$D$976,$F$2,Home!$E$3:$E$976,$D$2,Home!$AB$3:$AB$976,TRUE) | V5: =COUNTIFS(Home!$D$3:$D$976,$F$2,Home!$E$3:$E$976,$D$2,Home!$AC$3:$AC$976,TRUE) | Y5: =COUNTIFS(Home!$D$3:$D$976,$F$2,Home!$E$3:$E$976,$D$2,Home!$L$3:$L$976,TRUE) | AB5: =IFERROR(ROUND($A$5/COUNTIFS(Home!$D$3:$D$976,$F$2,Home!$E$3:$E$976,$D$2,Home!$A$3:$A$976,">0"),1),0)
A7: POR DIA · atendimentos e status
A8: Dia | B8: 1 | C8: 2 | D8: 3 | E8: 4 | F8: 5 | G8: 6 | H8: 7 | I8: 8 | J8: 9 | K8: 10 | L8: 11 | M8: 12 | N8: 13 | O8: 14 | P8: 15 | Q8: 16 | R8: 17 | S8: 18 | T8: 19 | U8: 20 | V8: 21 | W8: 22 | X8: 23 | Y8: 24 | Z8: 25 | AA8: 26 | AB8: 27 | AC8: 28 | AD8: 29 | AE8: 30 | AF8: 31
A9: Atendimentos | B9: =IF(DAY(DATE($D$2,$F$2+1,0))<1,"",COUNTIFS(Home!$D$3:$D$976,$F$2,Home!$E$3:$E$976,$D$2,Home!$C$3:$C$976,1)) | C9: =IF(DAY(DATE($D$2,$F$2+1,0))<2,"",COUNTIFS(Home!$D$3:$D$976,$F$2,Home!$E$3:$E$976,$D$2,Home!$C$3:$C$976,2)) | D9: =IF(DAY(DATE($D$2,$F$2+1,0))<3,"",COUNTIFS(Home!$D$3:$D$976,$F$2,Home!$E$3:$E$976,$D$2,Home!$C$3:$C$976,3)) | E9: =IF(DAY(DATE($D$2,$F$2+1,0))<4,"",COUNTIFS(Home!$D$3:$D$976,$F$2,Home!$E$3:$E$976,$D$2,Home!$C$3:$C$976,4)) | F9: =IF(DAY(DATE($D$2,$F$2+1,0))<5,"",COUNTIFS(Home!$D$3:$D$976,$F$2,Home!$E$3:$E$976,$D$2,Home!$C$3:$C$976,5)) | G9: =IF(DAY(DATE($D$2,$F$2+1,0))<6,"",COUNTIFS(Home!$D$3:$D$976,$F$2,Home!$E$3:$E$976,$D$2,Home!$C$3:$C$976,6)) | H9: =IF(DAY(DATE($D$2,$F$2+1,0))<7,"",COUNTIFS(Home!$D$3:$D$976,$F$2,Home!$E$3:$E$976,$D$2,Home!$C$3:$C$976,7)) | I9: =IF(DAY(DATE($D$2,$F$2+1,0))<8,"",COUNTIFS(Home!$D$3:$D$976,$F$2,Home!$E$3:$E$976,$D$2,Home!$C$3:$C$976,8)) | J9: =IF(DAY(DATE($D$2,$F$2+1,0))<9,"",COUNTIFS(Home!$D$3:$D$976,$F$2,Home!$E$3:$E$976,$D$2,Home!$C$3:$C$976,9)) | K9: =IF(DAY(DATE($D$2,$F$2+1,0))<10,"",COUNTIFS(Home!$D$3:$D$976,$F$2,Home!$E$3:$E$976,$D$2,Home!$C$3:$C$976,10)) | L9: =IF(DAY(DATE($D$2,$F$2+1,0))<11,"",COUNTIFS(Home!$D$3:$D$976,$F$2,Home!$E$3:$E$976,$D$2,Home!$C$3:$C$976,11)) | M9: =IF(DAY(DATE($D$2,$F$2+1,0))<12,"",COUNTIFS(Home!$D$3:$D$976,$F$2,Home!$E$3:$E$976,$D$2,Home!$C$3:$C$976,12)) | N9: =IF(DAY(DATE($D$2,$F$2+1,0))<13,"",COUNTIFS(Home!$D$3:$D$976,$F$2,Home!$E$3:$E$976,$D$2,Home!$C$3:$C$976,13)) | O9: =IF(DAY(DATE($D$2,$F$2+1,0))<14,"",COUNTIFS(Home!$D$3:$D$976,$F$2,Home!$E$3:$E$976,$D$2,Home!$C$3:$C$976,14)) | P9: =IF(DAY(DATE($D$2,$F$2+1,0))<15,"",COUNTIFS(Home!$D$3:$D$976,$F$2,Home!$E$3:$E$976,$D$2,Home!$C$3:$C$976,15)) | Q9: =IF(DAY(DATE($D$2,$F$2+1,0))<16,"",COUNTIFS(Home!$D$3:$D$976,$F$2,Home!$E$3:$E$976,$D$2,Home!$C$3:$C$976,16)) | R9: =IF(DAY(DATE($D$2,$F$2+1,0))<17,"",COUNTIFS(Home!$D$3:$D$976,$F$2,Home!$E$3:$E$976,$D$2,Home!$C$3:$C$976,17)) | S9: =IF(DAY(DATE($D$2,$F$2+1,0))<18,"",COUNTIFS(Home!$D$3:$D$976,$F$2,Home!$E$3:$E$976,$D$2,Home!$C$3:$C$976,18)) | T9: =IF(DAY(DATE($D$2,$F$2+1,0))<19,"",COUNTIFS(Home!$D$3:$D$976,$F$2,Home!$E$3:$E$976,$D$2,Home!$C$3:$C$976,19)) | U9: =IF(DAY(DATE($D$2,$F$2+1,0))<20,"",COUNTIFS(Home!$D$3:$D$976,$F$2,Home!$E$3:$E$976,$D$2,Home!$C$3:$C$976,20)) | V9: =IF(DAY(DATE($D$2,$F$2+1,0))<21,"",COUNTIFS(Home!$D$3:$D$976,$F$2,Home!$E$3:$E$976,$D$2,Home!$C$3:$C$976,21)) | W9: =IF(DAY(DATE($D$2,$F$2+1,0))<22,"",COUNTIFS(Home!$D$3:$D$976,$F$2,Home!$E$3:$E$976,$D$2,Home!$C$3:$C$976,22)) | X9: =IF(DAY(DATE($D$2,$F$2+1,0))<23,"",COUNTIFS(Home!$D$3:$D$976,$F$2,Home!$E$3:$E$976,$D$2,Home!$C$3:$C$976,23)) | Y9: =IF(DAY(DATE($D$2,$F$2+1,0))<24,"",COUNTIFS(Home!$D$3:$D$976,$F$2,Home!$E$3:$E$976,$D$2,Home!$C$3:$C$976,24)) | Z9: =IF(DAY(DATE($D$2,$F$2+1,0))<25,"",COUNTIFS(Home!$D$3:$D$976,$F$2,Home!$E$3:$E$976,$D$2,Home!$C$3:$C$976,25)) | AA9: =IF(DAY(DATE($D$2,$F$2+1,0))<26,"",COUNTIFS(Home!$D$3:$D$976,$F$2,Home!$E$3:$E$976,$D$2,Home!$C$3:$C$976,26)) | AB9: =IF(DAY(DATE($D$2,$F$2+1,0))<27,"",COUNTIFS(Home!$D$3:$D$976,$F$2,Home!$E$3:$E$976,$D$2,Home!$C$3:$C$976,27)) | AC9: =IF(DAY(DATE($D$2,$F$2+1,0))<28,"",COUNTIFS(Home!$D$3:$D$976,$F$2,Home!$E$3:$E$976,$D$2,Home!$C$3:$C$976,28)) | AD9: =IF(DAY(DATE($D$2,$F$2+1,0))<29,"",COUNTIFS(Home!$D$3:$D$976,$F$2,Home!$E$3:$E$976,$D$2,Home!$C$3:$C$976,29)) | AE9: =IF(DAY(DATE($D$2,$F$2+1,0))<30,"",COUNTIFS(Home!$D$3:$D$976,$F$2,Home!$E$3:$E$976,$D$2,Home!$C$3:$C$976,30)) | AF9: =IF(DAY(DATE($D$2,$F$2+1,0))<31,"",COUNTIFS(Home!$D$3:$D$976,$F$2,Home!$E$3:$E$976,$D$2,Home!$C$3:$C$976,31))
A10: Encerrados | B10: =IF(DAY(DATE($D$2,$F$2+1,0))<1,"",COUNTIFS(Home!$D$3:$D$976,$F$2,Home!$E$3:$E$976,$D$2,Home!$C$3:$C$976,1,Home!$V$3:$V$976,"Encerrado")) | C10: =IF(DAY(DATE($D$2,$F$2+1,0))<2,"",COUNTIFS(Home!$D$3:$D$976,$F$2,Home!$E$3:$E$976,$D$2,Home!$C$3:$C$976,2,Home!$V$3:$V$976,"Encerrado")) | D10: =IF(DAY(DATE($D$2,$F$2+1,0))<3,"",COUNTIFS(Home!$D$3:$D$976,$F$2,Home!$E$3:$E$976,$D$2,Home!$C$3:$C$976,3,Home!$V$3:$V$976,"Encerrado")) | E10: =IF(DAY(DATE($D$2,$F$2+1,0))<4,"",COUNTIFS(Home!$D$3:$D$976,$F$2,Home!$E$3:$E$976,$D$2,Home!$C$3:$C$976,4,Home!$V$3:$V$976,"Encerrado")) | F10: =IF(DAY(DATE($D$2,$F$2+1,0))<5,"",COUNTIFS(Home!$D$3:$D$976,$F$2,Home!$E$3:$E$976,$D$2,Home!$C$3:$C$976,5,Home!$V$3:$V$976,"Encerrado")) | G10: =IF(DAY(DATE($D$2,$F$2+1,0))<6,"",COUNTIFS(Home!$D$3:$D$976,$F$2,Home!$E$3:$E$976,$D$2,Home!$C$3:$C$976,6,Home!$V$3:$V$976,"Encerrado")) | H10: =IF(DAY(DATE($D$2,$F$2+1,0))<7,"",COUNTIFS(Home!$D$3:$D$976,$F$2,Home!$E$3:$E$976,$D$2,Home!$C$3:$C$976,7,Home!$V$3:$V$976,"Encerrado")) | I10: =IF(DAY(DATE($D$2,$F$2+1,0))<8,"",COUNTIFS(Home!$D$3:$D$976,$F$2,Home!$E$3:$E$976,$D$2,Home!$C$3:$C$976,8,Home!$V$3:$V$976,"Encerrado")) | J10: =IF(DAY(DATE($D$2,$F$2+1,0))<9,"",COUNTIFS(Home!$D$3:$D$976,$F$2,Home!$E$3:$E$976,$D$2,Home!$C$3:$C$976,9,Home!$V$3:$V$976,"Encerrado")) | K10: =IF(DAY(DATE($D$2,$F$2+1,0))<10,"",COUNTIFS(Home!$D$3:$D$976,$F$2,Home!$E$3:$E$976,$D$2,Home!$C$3:$C$976,10,Home!$V$3:$V$976,"Encerrado")) | L10: =IF(DAY(DATE($D$2,$F$2+1,0))<11,"",COUNTIFS(Home!$D$3:$D$976,$F$2,Home!$E$3:$E$976,$D$2,Home!$C$3:$C$976,11,Home!$V$3:$V$976,"Encerrado")) | M10: =IF(DAY(DATE($D$2,$F$2+1,0))<12,"",COUNTIFS(Home!$D$3:$D$976,$F$2,Home!$E$3:$E$976,$D$2,Home!$C$3:$C$976,12,Home!$V$3:$V$976,"Encerrado")) | N10: =IF(DAY(DATE($D$2,$F$2+1,0))<13,"",COUNTIFS(Home!$D$3:$D$976,$F$2,Home!$E$3:$E$976,$D$2,Home!$C$3:$C$976,13,Home!$V$3:$V$976,"Encerrado")) | O10: =IF(DAY(DATE($D$2,$F$2+1,0))<14,"",COUNTIFS(Home!$D$3:$D$976,$F$2,Home!$E$3:$E$976,$D$2,Home!$C$3:$C$976,14,Home!$V$3:$V$976,"Encerrado")) | P10: =IF(DAY(DATE($D$2,$F$2+1,0))<15,"",COUNTIFS(Home!$D$3:$D$976,$F$2,Home!$E$3:$E$976,$D$2,Home!$C$3:$C$976,15,Home!$V$3:$V$976,"Encerrado")) | Q10: =IF(DAY(DATE($D$2,$F$2+1,0))<16,"",COUNTIFS(Home!$D$3:$D$976,$F$2,Home!$E$3:$E$976,$D$2,Home!$C$3:$C$976,16,Home!$V$3:$V$976,"Encerrado")) | R10: =IF(DAY(DATE($D$2,$F$2+1,0))<17,"",COUNTIFS(Home!$D$3:$D$976,$F$2,Home!$E$3:$E$976,$D$2,Home!$C$3:$C$976,17,Home!$V$3:$V$976,"Encerrado")) | S10: =IF(DAY(DATE($D$2,$F$2+1,0))<18,"",COUNTIFS(Home!$D$3:$D$976,$F$2,Home!$E$3:$E$976,$D$2,Home!$C$3:$C$976,18,Home!$V$3:$V$976,"Encerrado")) | T10: =IF(DAY(DATE($D$2,$F$2+1,0))<19,"",COUNTIFS(Home!$D$3:$D$976,$F$2,Home!$E$3:$E$976,$D$2,Home!$C$3:$C$976,19,Home!$V$3:$V$976,"Encerrado")) | U10: =IF(DAY(DATE($D$2,$F$2+1,0))<20,"",COUNTIFS(Home!$D$3:$D$976,$F$2,Home!$E$3:$E$976,$D$2,Home!$C$3:$C$976,20,Home!$V$3:$V$976,"Encerrado")) | V10: =IF(DAY(DATE($D$2,$F$2+1,0))<21,"",COUNTIFS(Home!$D$3:$D$976,$F$2,Home!$E$3:$E$976,$D$2,Home!$C$3:$C$976,21,Home!$V$3:$V$976,"Encerrado")) | W10: =IF(DAY(DATE($D$2,$F$2+1,0))<22,"",COUNTIFS(Home!$D$3:$D$976,$F$2,Home!$E$3:$E$976,$D$2,Home!$C$3:$C$976,22,Home!$V$3:$V$976,"Encerrado")) | X10: =IF(DAY(DATE($D$2,$F$2+1,0))<23,"",COUNTIFS(Home!$D$3:$D$976,$F$2,Home!$E$3:$E$976,$D$2,Home!$C$3:$C$976,23,Home!$V$3:$V$976,"Encerrado")) | Y10: =IF(DAY(DATE($D$2,$F$2+1,0))<24,"",COUNTIFS(Home!$D$3:$D$976,$F$2,Home!$E$3:$E$976,$D$2,Home!$C$3:$C$976,24,Home!$V$3:$V$976,"Encerrado")) | Z10: =IF(DAY(DATE($D$2,$F$2+1,0))<25,"",COUNTIFS(Home!$D$3:$D$976,$F$2,Home!$E$3:$E$976,$D$2,Home!$C$3:$C$976,25,Home!$V$3:$V$976,"Encerrado")) | AA10: =IF(DAY(DATE($D$2,$F$2+1,0))<26,"",COUNTIFS(Home!$D$3:$D$976,$F$2,Home!$E$3:$E$976,$D$2,Home!$C$3:$C$976,26,Home!$V$3:$V$976,"Encerrado")) | AB10: =IF(DAY(DATE($D$2,$F$2+1,0))<27,"",COUNTIFS(Home!$D$3:$D$976,$F$2,Home!$E$3:$E$976,$D$2,Home!$C$3:$C$976,27,Home!$V$3:$V$976,"Encerrado")) | AC10: =IF(DAY(DATE($D$2,$F$2+1,0))<28,"",COUNTIFS(Home!$D$3:$D$976,$F$2,Home!$E$3:$E$976,$D$2,Home!$C$3:$C$976,28,Home!$V$3:$V$976,"Encerrado")) | AD10: =IF(DAY(DATE($D$2,$F$2+1,0))<29,"",COUNTIFS(Home!$D$3:$D$976,$F$2,Home!$E$3:$E$976,$D$2,Home!$C$3:$C$976,29,Home!$V$3:$V$976,"Encerrado")) | AE10: =IF(DAY(DATE($D$2,$F$2+1,0))<30,"",COUNTIFS(Home!$D$3:$D$976,$F$2,Home!$E$3:$E$976,$D$2,Home!$C$3:$C$976,30,Home!$V$3:$V$976,"Encerrado")) | AF10: =IF(DAY(DATE($D$2,$F$2+1,0))<31,"",COUNTIFS(Home!$D$3:$D$976,$F$2,Home!$E$3:$E$976,$D$2,Home!$C$3:$C$976,31,Home!$V$3:$V$976,"Encerrado"))
A11: Aguardando | B11: =IF(DAY(DATE($D$2,$F$2+1,0))<1,"",COUNTIFS(Home!$D$3:$D$976,$F$2,Home!$E$3:$E$976,$D$2,Home!$C$3:$C$976,1,Home!$V$3:$V$976,"Aguardando resposta")) | C11: =IF(DAY(DATE($D$2,$F$2+1,0))<2,"",COUNTIFS(Home!$D$3:$D$976,$F$2,Home!$E$3:$E$976,$D$2,Home!$C$3:$C$976,2,Home!$V$3:$V$976,"Aguardando resposta")) | D11: =IF(DAY(DATE($D$2,$F$2+1,0))<3,"",COUNTIFS(Home!$D$3:$D$976,$F$2,Home!$E$3:$E$976,$D$2,Home!$C$3:$C$976,3,Home!$V$3:$V$976,"Aguardando resposta")) | E11: =IF(DAY(DATE($D$2,$F$2+1,0))<4,"",COUNTIFS(Home!$D$3:$D$976,$F$2,Home!$E$3:$E$976,$D$2,Home!$C$3:$C$976,4,Home!$V$3:$V$976,"Aguardando resposta")) | F11: =IF(DAY(DATE($D$2,$F$2+1,0))<5,"",COUNTIFS(Home!$D$3:$D$976,$F$2,Home!$E$3:$E$976,$D$2,Home!$C$3:$C$976,5,Home!$V$3:$V$976,"Aguardando resposta")) | G11: =IF(DAY(DATE($D$2,$F$2+1,0))<6,"",COUNTIFS(Home!$D$3:$D$976,$F$2,Home!$E$3:$E$976,$D$2,Home!$C$3:$C$976,6,Home!$V$3:$V$976,"Aguardando resposta")) | H11: =IF(DAY(DATE($D$2,$F$2+1,0))<7,"",COUNTIFS(Home!$D$3:$D$976,$F$2,Home!$E$3:$E$976,$D$2,Home!$C$3:$C$976,7,Home!$V$3:$V$976,"Aguardando resposta")) | I11: =IF(DAY(DATE($D$2,$F$2+1,0))<8,"",COUNTIFS(Home!$D$3:$D$976,$F$2,Home!$E$3:$E$976,$D$2,Home!$C$3:$C$976,8,Home!$V$3:$V$976,"Aguardando resposta")) | J11: =IF(DAY(DATE($D$2,$F$2+1,0))<9,"",COUNTIFS(Home!$D$3:$D$976,$F$2,Home!$E$3:$E$976,$D$2,Home!$C$3:$C$976,9,Home!$V$3:$V$976,"Aguardando resposta")) | K11: =IF(DAY(DATE($D$2,$F$2+1,0))<10,"",COUNTIFS(Home!$D$3:$D$976,$F$2,Home!$E$3:$E$976,$D$2,Home!$C$3:$C$976,10,Home!$V$3:$V$976,"Aguardando resposta")) | L11: =IF(DAY(DATE($D$2,$F$2+1,0))<11,"",COUNTIFS(Home!$D$3:$D$976,$F$2,Home!$E$3:$E$976,$D$2,Home!$C$3:$C$976,11,Home!$V$3:$V$976,"Aguardando resposta")) | M11: =IF(DAY(DATE($D$2,$F$2+1,0))<12,"",COUNTIFS(Home!$D$3:$D$976,$F$2,Home!$E$3:$E$976,$D$2,Home!$C$3:$C$976,12,Home!$V$3:$V$976,"Aguardando resposta")) | N11: =IF(DAY(DATE($D$2,$F$2+1,0))<13,"",COUNTIFS(Home!$D$3:$D$976,$F$2,Home!$E$3:$E$976,$D$2,Home!$C$3:$C$976,13,Home!$V$3:$V$976,"Aguardando resposta")) | O11: =IF(DAY(DATE($D$2,$F$2+1,0))<14,"",COUNTIFS(Home!$D$3:$D$976,$F$2,Home!$E$3:$E$976,$D$2,Home!$C$3:$C$976,14,Home!$V$3:$V$976,"Aguardando resposta")) | P11: =IF(DAY(DATE($D$2,$F$2+1,0))<15,"",COUNTIFS(Home!$D$3:$D$976,$F$2,Home!$E$3:$E$976,$D$2,Home!$C$3:$C$976,15,Home!$V$3:$V$976,"Aguardando resposta")) | Q11: =IF(DAY(DATE($D$2,$F$2+1,0))<16,"",COUNTIFS(Home!$D$3:$D$976,$F$2,Home!$E$3:$E$976,$D$2,Home!$C$3:$C$976,16,Home!$V$3:$V$976,"Aguardando resposta")) | R11: =IF(DAY(DATE($D$2,$F$2+1,0))<17,"",COUNTIFS(Home!$D$3:$D$976,$F$2,Home!$E$3:$E$976,$D$2,Home!$C$3:$C$976,17,Home!$V$3:$V$976,"Aguardando resposta")) | S11: =IF(DAY(DATE($D$2,$F$2+1,0))<18,"",COUNTIFS(Home!$D$3:$D$976,$F$2,Home!$E$3:$E$976,$D$2,Home!$C$3:$C$976,18,Home!$V$3:$V$976,"Aguardando resposta")) | T11: =IF(DAY(DATE($D$2,$F$2+1,0))<19,"",COUNTIFS(Home!$D$3:$D$976,$F$2,Home!$E$3:$E$976,$D$2,Home!$C$3:$C$976,19,Home!$V$3:$V$976,"Aguardando resposta")) | U11: =IF(DAY(DATE($D$2,$F$2+1,0))<20,"",COUNTIFS(Home!$D$3:$D$976,$F$2,Home!$E$3:$E$976,$D$2,Home!$C$3:$C$976,20,Home!$V$3:$V$976,"Aguardando resposta")) | V11: =IF(DAY(DATE($D$2,$F$2+1,0))<21,"",COUNTIFS(Home!$D$3:$D$976,$F$2,Home!$E$3:$E$976,$D$2,Home!$C$3:$C$976,21,Home!$V$3:$V$976,"Aguardando resposta")) | W11: =IF(DAY(DATE($D$2,$F$2+1,0))<22,"",COUNTIFS(Home!$D$3:$D$976,$F$2,Home!$E$3:$E$976,$D$2,Home!$C$3:$C$976,22,Home!$V$3:$V$976,"Aguardando resposta")) | X11: =IF(DAY(DATE($D$2,$F$2+1,0))<23,"",COUNTIFS(Home!$D$3:$D$976,$F$2,Home!$E$3:$E$976,$D$2,Home!$C$3:$C$976,23,Home!$V$3:$V$976,"Aguardando resposta")) | Y11: =IF(DAY(DATE($D$2,$F$2+1,0))<24,"",COUNTIFS(Home!$D$3:$D$976,$F$2,Home!$E$3:$E$976,$D$2,Home!$C$3:$C$976,24,Home!$V$3:$V$976,"Aguardando resposta")) | Z11: =IF(DAY(DATE($D$2,$F$2+1,0))<25,"",COUNTIFS(Home!$D$3:$D$976,$F$2,Home!$E$3:$E$976,$D$2,Home!$C$3:$C$976,25,Home!$V$3:$V$976,"Aguardando resposta")) | AA11: =IF(DAY(DATE($D$2,$F$2+1,0))<26,"",COUNTIFS(Home!$D$3:$D$976,$F$2,Home!$E$3:$E$976,$D$2,Home!$C$3:$C$976,26,Home!$V$3:$V$976,"Aguardando resposta")) | AB11: =IF(DAY(DATE($D$2,$F$2+1,0))<27,"",COUNTIFS(Home!$D$3:$D$976,$F$2,Home!$E$3:$E$976,$D$2,Home!$C$3:$C$976,27,Home!$V$3:$V$976,"Aguardando resposta")) | AC11: =IF(DAY(DATE($D$2,$F$2+1,0))<28,"",COUNTIFS(Home!$D$3:$D$976,$F$2,Home!$E$3:$E$976,$D$2,Home!$C$3:$C$976,28,Home!$V$3:$V$976,"Aguardando resposta")) | AD11: =IF(DAY(DATE($D$2,$F$2+1,0))<29,"",COUNTIFS(Home!$D$3:$D$976,$F$2,Home!$E$3:$E$976,$D$2,Home!$C$3:$C$976,29,Home!$V$3:$V$976,"Aguardando resposta")) | AE11: =IF(DAY(DATE($D$2,$F$2+1,0))<30,"",COUNTIFS(Home!$D$3:$D$976,$F$2,Home!$E$3:$E$976,$D$2,Home!$C$3:$C$976,30,Home!$V$3:$V$976,"Aguardando resposta")) | AF11: =IF(DAY(DATE($D$2,$F$2+1,0))<31,"",COUNTIFS(Home!$D$3:$D$976,$F$2,Home!$E$3:$E$976,$D$2,Home!$C$3:$C$976,31,Home!$V$3:$V$976,"Aguardando resposta"))
A12: Em aberto | B12: =IF(DAY(DATE($D$2,$F$2+1,0))<1,"",COUNTIFS(Home!$D$3:$D$976,$F$2,Home!$E$3:$E$976,$D$2,Home!$C$3:$C$976,1,Home!$V$3:$V$976,"Em Aberto")) | C12: =IF(DAY(DATE($D$2,$F$2+1,0))<2,"",COUNTIFS(Home!$D$3:$D$976,$F$2,Home!$E$3:$E$976,$D$2,Home!$C$3:$C$976,2,Home!$V$3:$V$976,"Em Aberto")) | D12: =IF(DAY(DATE($D$2,$F$2+1,0))<3,"",COUNTIFS(Home!$D$3:$D$976,$F$2,Home!$E$3:$E$976,$D$2,Home!$C$3:$C$976,3,Home!$V$3:$V$976,"Em Aberto")) | E12: =IF(DAY(DATE($D$2,$F$2+1,0))<4,"",COUNTIFS(Home!$D$3:$D$976,$F$2,Home!$E$3:$E$976,$D$2,Home!$C$3:$C$976,4,Home!$V$3:$V$976,"Em Aberto")) | F12: =IF(DAY(DATE($D$2,$F$2+1,0))<5,"",COUNTIFS(Home!$D$3:$D$976,$F$2,Home!$E$3:$E$976,$D$2,Home!$C$3:$C$976,5,Home!$V$3:$V$976,"Em Aberto")) | G12: =IF(DAY(DATE($D$2,$F$2+1,0))<6,"",COUNTIFS(Home!$D$3:$D$976,$F$2,Home!$E$3:$E$976,$D$2,Home!$C$3:$C$976,6,Home!$V$3:$V$976,"Em Aberto")) | H12: =IF(DAY(DATE($D$2,$F$2+1,0))<7,"",COUNTIFS(Home!$D$3:$D$976,$F$2,Home!$E$3:$E$976,$D$2,Home!$C$3:$C$976,7,Home!$V$3:$V$976,"Em Aberto")) | I12: =IF(DAY(DATE($D$2,$F$2+1,0))<8,"",COUNTIFS(Home!$D$3:$D$976,$F$2,Home!$E$3:$E$976,$D$2,Home!$C$3:$C$976,8,Home!$V$3:$V$976,"Em Aberto")) | J12: =IF(DAY(DATE($D$2,$F$2+1,0))<9,"",COUNTIFS(Home!$D$3:$D$976,$F$2,Home!$E$3:$E$976,$D$2,Home!$C$3:$C$976,9,Home!$V$3:$V$976,"Em Aberto")) | K12: =IF(DAY(DATE($D$2,$F$2+1,0))<10,"",COUNTIFS(Home!$D$3:$D$976,$F$2,Home!$E$3:$E$976,$D$2,Home!$C$3:$C$976,10,Home!$V$3:$V$976,"Em Aberto")) | L12: =IF(DAY(DATE($D$2,$F$2+1,0))<11,"",COUNTIFS(Home!$D$3:$D$976,$F$2,Home!$E$3:$E$976,$D$2,Home!$C$3:$C$976,11,Home!$V$3:$V$976,"Em Aberto")) | M12: =IF(DAY(DATE($D$2,$F$2+1,0))<12,"",COUNTIFS(Home!$D$3:$D$976,$F$2,Home!$E$3:$E$976,$D$2,Home!$C$3:$C$976,12,Home!$V$3:$V$976,"Em Aberto")) | N12: =IF(DAY(DATE($D$2,$F$2+1,0))<13,"",COUNTIFS(Home!$D$3:$D$976,$F$2,Home!$E$3:$E$976,$D$2,Home!$C$3:$C$976,13,Home!$V$3:$V$976,"Em Aberto")) | O12: =IF(DAY(DATE($D$2,$F$2+1,0))<14,"",COUNTIFS(Home!$D$3:$D$976,$F$2,Home!$E$3:$E$976,$D$2,Home!$C$3:$C$976,14,Home!$V$3:$V$976,"Em Aberto")) | P12: =IF(DAY(DATE($D$2,$F$2+1,0))<15,"",COUNTIFS(Home!$D$3:$D$976,$F$2,Home!$E$3:$E$976,$D$2,Home!$C$3:$C$976,15,Home!$V$3:$V$976,"Em Aberto")) | Q12: =IF(DAY(DATE($D$2,$F$2+1,0))<16,"",COUNTIFS(Home!$D$3:$D$976,$F$2,Home!$E$3:$E$976,$D$2,Home!$C$3:$C$976,16,Home!$V$3:$V$976,"Em Aberto")) | R12: =IF(DAY(DATE($D$2,$F$2+1,0))<17,"",COUNTIFS(Home!$D$3:$D$976,$F$2,Home!$E$3:$E$976,$D$2,Home!$C$3:$C$976,17,Home!$V$3:$V$976,"Em Aberto")) | S12: =IF(DAY(DATE($D$2,$F$2+1,0))<18,"",COUNTIFS(Home!$D$3:$D$976,$F$2,Home!$E$3:$E$976,$D$2,Home!$C$3:$C$976,18,Home!$V$3:$V$976,"Em Aberto")) | T12: =IF(DAY(DATE($D$2,$F$2+1,0))<19,"",COUNTIFS(Home!$D$3:$D$976,$F$2,Home!$E$3:$E$976,$D$2,Home!$C$3:$C$976,19,Home!$V$3:$V$976,"Em Aberto")) | U12: =IF(DAY(DATE($D$2,$F$2+1,0))<20,"",COUNTIFS(Home!$D$3:$D$976,$F$2,Home!$E$3:$E$976,$D$2,Home!$C$3:$C$976,20,Home!$V$3:$V$976,"Em Aberto")) | V12: =IF(DAY(DATE($D$2,$F$2+1,0))<21,"",COUNTIFS(Home!$D$3:$D$976,$F$2,Home!$E$3:$E$976,$D$2,Home!$C$3:$C$976,21,Home!$V$3:$V$976,"Em Aberto")) | W12: =IF(DAY(DATE($D$2,$F$2+1,0))<22,"",COUNTIFS(Home!$D$3:$D$976,$F$2,Home!$E$3:$E$976,$D$2,Home!$C$3:$C$976,22,Home!$V$3:$V$976,"Em Aberto")) | X12: =IF(DAY(DATE($D$2,$F$2+1,0))<23,"",COUNTIFS(Home!$D$3:$D$976,$F$2,Home!$E$3:$E$976,$D$2,Home!$C$3:$C$976,23,Home!$V$3:$V$976,"Em Aberto")) | Y12: =IF(DAY(DATE($D$2,$F$2+1,0))<24,"",COUNTIFS(Home!$D$3:$D$976,$F$2,Home!$E$3:$E$976,$D$2,Home!$C$3:$C$976,24,Home!$V$3:$V$976,"Em Aberto")) | Z12: =IF(DAY(DATE($D$2,$F$2+1,0))<25,"",COUNTIFS(Home!$D$3:$D$976,$F$2,Home!$E$3:$E$976,$D$2,Home!$C$3:$C$976,25,Home!$V$3:$V$976,"Em Aberto")) | AA12: =IF(DAY(DATE($D$2,$F$2+1,0))<26,"",COUNTIFS(Home!$D$3:$D$976,$F$2,Home!$E$3:$E$976,$D$2,Home!$C$3:$C$976,26,Home!$V$3:$V$976,"Em Aberto")) | AB12: =IF(DAY(DATE($D$2,$F$2+1,0))<27,"",COUNTIFS(Home!$D$3:$D$976,$F$2,Home!$E$3:$E$976,$D$2,Home!$C$3:$C$976,27,Home!$V$3:$V$976,"Em Aberto")) | AC12: =IF(DAY(DATE($D$2,$F$2+1,0))<28,"",COUNTIFS(Home!$D$3:$D$976,$F$2,Home!$E$3:$E$976,$D$2,Home!$C$3:$C$976,28,Home!$V$3:$V$976,"Em Aberto")) | AD12: =IF(DAY(DATE($D$2,$F$2+1,0))<29,"",COUNTIFS(Home!$D$3:$D$976,$F$2,Home!$E$3:$E$976,$D$2,Home!$C$3:$C$976,29,Home!$V$3:$V$976,"Em Aberto")) | AE12: =IF(DAY(DATE($D$2,$F$2+1,0))<30,"",COUNTIFS(Home!$D$3:$D$976,$F$2,Home!$E$3:$E$976,$D$2,Home!$C$3:$C$976,30,Home!$V$3:$V$976,"Em Aberto")) | AF12: =IF(DAY(DATE($D$2,$F$2+1,0))<31,"",COUNTIFS(Home!$D$3:$D$976,$F$2,Home!$E$3:$E$976,$D$2,Home!$C$3:$C$976,31,Home!$V$3:$V$976,"Em Aberto"))
A13: Pushback | B13: =IF(DAY(DATE($D$2,$F$2+1,0))<1,"",COUNTIFS(Home!$D$3:$D$976,$F$2,Home!$E$3:$E$976,$D$2,Home!$C$3:$C$976,1,Home!$AB$3:$AB$976,TRUE)) | C13: =IF(DAY(DATE($D$2,$F$2+1,0))<2,"",COUNTIFS(Home!$D$3:$D$976,$F$2,Home!$E$3:$E$976,$D$2,Home!$C$3:$C$976,2,Home!$AB$3:$AB$976,TRUE)) | D13: =IF(DAY(DATE($D$2,$F$2+1,0))<3,"",COUNTIFS(Home!$D$3:$D$976,$F$2,Home!$E$3:$E$976,$D$2,Home!$C$3:$C$976,3,Home!$AB$3:$AB$976,TRUE)) | E13: =IF(DAY(DATE($D$2,$F$2+1,0))<4,"",COUNTIFS(Home!$D$3:$D$976,$F$2,Home!$E$3:$E$976,$D$2,Home!$C$3:$C$976,4,Home!$AB$3:$AB$976,TRUE)) | F13: =IF(DAY(DATE($D$2,$F$2+1,0))<5,"",COUNTIFS(Home!$D$3:$D$976,$F$2,Home!$E$3:$E$976,$D$2,Home!$C$3:$C$976,5,Home!$AB$3:$AB$976,TRUE)) | G13: =IF(DAY(DATE($D$2,$F$2+1,0))<6,"",COUNTIFS(Home!$D$3:$D$976,$F$2,Home!$E$3:$E$976,$D$2,Home!$C$3:$C$976,6,Home!$AB$3:$AB$976,TRUE)) | H13: =IF(DAY(DATE($D$2,$F$2+1,0))<7,"",COUNTIFS(Home!$D$3:$D$976,$F$2,Home!$E$3:$E$976,$D$2,Home!$C$3:$C$976,7,Home!$AB$3:$AB$976,TRUE)) | I13: =IF(DAY(DATE($D$2,$F$2+1,0))<8,"",COUNTIFS(Home!$D$3:$D$976,$F$2,Home!$E$3:$E$976,$D$2,Home!$C$3:$C$976,8,Home!$AB$3:$AB$976,TRUE)) | J13: =IF(DAY(DATE($D$2,$F$2+1,0))<9,"",COUNTIFS(Home!$D$3:$D$976,$F$2,Home!$E$3:$E$976,$D$2,Home!$C$3:$C$976,9,Home!$AB$3:$AB$976,TRUE)) | K13: =IF(DAY(DATE($D$2,$F$2+1,0))<10,"",COUNTIFS(Home!$D$3:$D$976,$F$2,Home!$E$3:$E$976,$D$2,Home!$C$3:$C$976,10,Home!$AB$3:$AB$976,TRUE)) | L13: =IF(DAY(DATE($D$2,$F$2+1,0))<11,"",COUNTIFS(Home!$D$3:$D$976,$F$2,Home!$E$3:$E$976,$D$2,Home!$C$3:$C$976,11,Home!$AB$3:$AB$976,TRUE)) | M13: =IF(DAY(DATE($D$2,$F$2+1,0))<12,"",COUNTIFS(Home!$D$3:$D$976,$F$2,Home!$E$3:$E$976,$D$2,Home!$C$3:$C$976,12,Home!$AB$3:$AB$976,TRUE)) | N13: =IF(DAY(DATE($D$2,$F$2+1,0))<13,"",COUNTIFS(Home!$D$3:$D$976,$F$2,Home!$E$3:$E$976,$D$2,Home!$C$3:$C$976,13,Home!$AB$3:$AB$976,TRUE)) | O13: =IF(DAY(DATE($D$2,$F$2+1,0))<14,"",COUNTIFS(Home!$D$3:$D$976,$F$2,Home!$E$3:$E$976,$D$2,Home!$C$3:$C$976,14,Home!$AB$3:$AB$976,TRUE)) | P13: =IF(DAY(DATE($D$2,$F$2+1,0))<15,"",COUNTIFS(Home!$D$3:$D$976,$F$2,Home!$E$3:$E$976,$D$2,Home!$C$3:$C$976,15,Home!$AB$3:$AB$976,TRUE)) | Q13: =IF(DAY(DATE($D$2,$F$2+1,0))<16,"",COUNTIFS(Home!$D$3:$D$976,$F$2,Home!$E$3:$E$976,$D$2,Home!$C$3:$C$976,16,Home!$AB$3:$AB$976,TRUE)) | R13: =IF(DAY(DATE($D$2,$F$2+1,0))<17,"",COUNTIFS(Home!$D$3:$D$976,$F$2,Home!$E$3:$E$976,$D$2,Home!$C$3:$C$976,17,Home!$AB$3:$AB$976,TRUE)) | S13: =IF(DAY(DATE($D$2,$F$2+1,0))<18,"",COUNTIFS(Home!$D$3:$D$976,$F$2,Home!$E$3:$E$976,$D$2,Home!$C$3:$C$976,18,Home!$AB$3:$AB$976,TRUE)) | T13: =IF(DAY(DATE($D$2,$F$2+1,0))<19,"",COUNTIFS(Home!$D$3:$D$976,$F$2,Home!$E$3:$E$976,$D$2,Home!$C$3:$C$976,19,Home!$AB$3:$AB$976,TRUE)) | U13: =IF(DAY(DATE($D$2,$F$2+1,0))<20,"",COUNTIFS(Home!$D$3:$D$976,$F$2,Home!$E$3:$E$976,$D$2,Home!$C$3:$C$976,20,Home!$AB$3:$AB$976,TRUE)) | V13: =IF(DAY(DATE($D$2,$F$2+1,0))<21,"",COUNTIFS(Home!$D$3:$D$976,$F$2,Home!$E$3:$E$976,$D$2,Home!$C$3:$C$976,21,Home!$AB$3:$AB$976,TRUE)) | W13: =IF(DAY(DATE($D$2,$F$2+1,0))<22,"",COUNTIFS(Home!$D$3:$D$976,$F$2,Home!$E$3:$E$976,$D$2,Home!$C$3:$C$976,22,Home!$AB$3:$AB$976,TRUE)) | X13: =IF(DAY(DATE($D$2,$F$2+1,0))<23,"",COUNTIFS(Home!$D$3:$D$976,$F$2,Home!$E$3:$E$976,$D$2,Home!$C$3:$C$976,23,Home!$AB$3:$AB$976,TRUE)) | Y13: =IF(DAY(DATE($D$2,$F$2+1,0))<24,"",COUNTIFS(Home!$D$3:$D$976,$F$2,Home!$E$3:$E$976,$D$2,Home!$C$3:$C$976,24,Home!$AB$3:$AB$976,TRUE)) | Z13: =IF(DAY(DATE($D$2,$F$2+1,0))<25,"",COUNTIFS(Home!$D$3:$D$976,$F$2,Home!$E$3:$E$976,$D$2,Home!$C$3:$C$976,25,Home!$AB$3:$AB$976,TRUE)) | AA13: =IF(DAY(DATE($D$2,$F$2+1,0))<26,"",COUNTIFS(Home!$D$3:$D$976,$F$2,Home!$E$3:$E$976,$D$2,Home!$C$3:$C$976,26,Home!$AB$3:$AB$976,TRUE)) | AB13: =IF(DAY(DATE($D$2,$F$2+1,0))<27,"",COUNTIFS(Home!$D$3:$D$976,$F$2,Home!$E$3:$E$976,$D$2,Home!$C$3:$C$976,27,Home!$AB$3:$AB$976,TRUE)) | AC13: =IF(DAY(DATE($D$2,$F$2+1,0))<28,"",COUNTIFS(Home!$D$3:$D$976,$F$2,Home!$E$3:$E$976,$D$2,Home!$C$3:$C$976,28,Home!$AB$3:$AB$976,TRUE)) | AD13: =IF(DAY(DATE($D$2,$F$2+1,0))<29,"",COUNTIFS(Home!$D$3:$D$976,$F$2,Home!$E$3:$E$976,$D$2,Home!$C$3:$C$976,29,Home!$AB$3:$AB$976,TRUE)) | AE13: =IF(DAY(DATE($D$2,$F$2+1,0))<30,"",COUNTIFS(Home!$D$3:$D$976,$F$2,Home!$E$3:$E$976,$D$2,Home!$C$3:$C$976,30,Home!$AB$3:$AB$976,TRUE)) | AF13: =IF(DAY(DATE($D$2,$F$2+1,0))<31,"",COUNTIFS(Home!$D$3:$D$976,$F$2,Home!$E$3:$E$976,$D$2,Home!$C$3:$C$976,31,Home!$AB$3:$AB$976,TRUE))
